Workbook
Name ABGLE: #REF!
Name ABGLE: #REF!
Name ABGLE: #REF!
Name ABGLE: #REF!
Name ABGLE: #REF!
Name ABGLE: #REF!
Name ABGLE: #REF!
Name ABGLE: #REF!
Name ABGLE: #REF!
Name ABGLE: #REF!
Name AI: #REF!
Name AI: #REF!
Name AI: #REF!
Name AI: #REF!
Name AI: #REF!
Name AI: #REF!
Name AI: #REF!
Name AI: #REF!
Name ANGLE: '01_1.35 KL'!$D$12
Name ANGLE: '02 & 04_0.02 KL'!$D$12
Name ANGLE: '03_0.330 KL'!$D$12
Name ANGLE: '05_0.942 KL'!$D$12
Name ANGLE: '06_0.330 KL'!$D$12
Name ANGLE: #REF!
Name ANGLE: #REF!
Name ANGLE: '[1]1_5 KL PP FRP TANK'!$C$9
Name ANGLE: '[1]1_5 KL PP FRP TANK'!$C$9
Name ANGLE: #REF!
Name ANGLE2: #REF!
Name ANGLE2: #REF!
Name ANGLE2: #REF!
Name ANGLE2: #REF!
Name ANGLE2: #REF!
Name ANGLE2: #REF!
Name ANGLE2: '[2]PCS WITH INBUILT TANK'!$E$15
Name ANGLE2: #REF!
Name ANGLE2: #REF!
Name ANGLE2: #REF!
Name AREA: '01_1.35 KL'!$U$40:$U$57
Name AREA: '02 & 04_0.02 KL'!$U$40:$U$57
Name AREA: '03_0.330 KL'!$U$40:$U$57
Name AREA: '05_0.942 KL'!$U$40:$U$57
Name AREA: '06_0.330 KL'!$U$40:$U$57
Name AREA: #REF!
Name AREA: #REF!
Name AREA: #REF!
Name AREA: #REF!
Name AREA: #REF!
Name AREA1: '01_1.35 KL'!$U$39:$U$57
Name AREA1: '02 & 04_0.02 KL'!$U$39:$U$57
Name AREA1: '03_0.330 KL'!$U$39:$U$57
Name AREA1: '05_0.942 KL'!$U$39:$U$57
Name AREA1: '06_0.330 KL'!$U$39:$U$57
Name AREA1: #REF!
Name AREA1: #REF!
Name AREA1: #REF!
Name AREA1: #REF!
Name AREA1: #REF!
Name B.ANGLE: '01_1.35 KL'!#REF!
Name B.ANGLE: '02 & 04_0.02 KL'!#REF!

Sheet SUMMARY
N2: 44554 | O2: R1
A3: SUMMARY | N3: 44551 | O3: R1
N4: DATE : 01.11.2021
J5: OFFERED _ 21.12.2021 | M5: DISCOUNTED 11 % _ 24.12.2021
A6: SR. NO. | B6: IITEM | C6: CAP. | D6: SIZE | E6: QTY | F6: MOC | G6: FLUID | H6: UNIT COST W/O LABOUR | I6: TOTAL COST W/O LABOUR | J6: UNIT SALE | K6: TOTAL SALE | L6: FACT. | M6: UNIT SALE | N6: TOTAL SALE | O6: FACT.
A7: 1 | B7: ACID MEASURING TANK (SAC) | C7: 1.35 KL | D7: 1200 ID X 1200 LG. | E7: 2 | F7: FRP (BISPHENOL) | G7: 30 % HCL | H7: ='01_1.35 KL'!G138 -> 90489.2 | I7: =H7*E7 -> 180978.4 | J7: ='01_1.35 KL'!I142 -> 203000 | K7: =J7*E7 -> 406000 | L7: =H7/J7 -> 0.44575961 | M7: =CEILING(J7*0.89,500) -> 181000 | N7: =M7*E7 -> 362000 | O7: =H7/M7 -> 0.49994033
A8: 2 | B8: FUME ABSORBER (SAC) | C8: 0.021 KL | D8: 300 ID X 300 LG. | E8: 2 | F8: FRP (BISPHENOL) | G8: 30 % HCL | H8: ='02 & 04_0.02 KL'!G138 -> 17430.113 | I8: =H8*E8 -> 34860.226 | J8: ='02 & 04_0.02 KL'!I142 -> 46500 | K8: =J8*E8 -> 93000 | L8: =H8/J8 -> 0.37484114 | M8: =CEILING(J8*0.89,500) -> 41500 | N8: =M8*E8 -> 83000 | O8: =H8/M8 -> 0.42000272
A9: 3 | B9: ACID MEASURING TANK (MB) | C9: 0.330 KL | D9: 600 ID X 1200 LG. | E9: 2 | F9: FRP (BISPHENOL) | G9: 30 % HCL | H9: ='03_0.330 KL'!G138 -> 44924.7 | I9: =H9*E9 -> 89849.4 | J9: ='03_0.330 KL'!I142 -> 107000 | K9: =J9*E9 -> 214000 | L9: =H9/J9 -> 0.41985701 | M9: =CEILING(J9*0.89,500) -> 95500 | N9: =M9*E9 -> 191000 | O9: =H9/M9 -> 0.47041571
A10: 4 | B10: FUME ABSORBER (MB) | C10: 0.021 KL | D10: 300 ID X 300 LG. | E10: 2 | F10: FRP (BISPHENOL) | G10: 30 % HCL | H10: ='02 & 04_0.02 KL'!G138 -> 17430.113 | I10: =H10*E10 -> 34860.226 | J10: ='02 & 04_0.02 KL'!I142 -> 46500 | K10: =J10*E10 -> 93000 | L10: =H10/J10 -> 0.37484114 | M10: =CEILING(J10*0.89,500) -> 41500 | N10: =M10*E10 -> 83000 | O10: =H10/M10 -> 0.42000272
A11: 5 | B11: ALKALI MEASURING TANK (SBA) | C11: 0.942 KL | D11: 1000 ID X 1200 LG. | E11: 2 | F11: FRP (BISPHENOL) | G11: 30 % NAOH | H11: ='05_0.942 KL'!G139 -> 78564.368 | I11: =H11*E11 -> 157128.74 | J11: ='05_0.942 KL'!I143 -> 186000 | K11: =J11*E11 -> 372000 | L11: =H11/J11 -> 0.42238908 | M11: =CEILING(J11*0.89,500) -> 166000 | N11: =M11*E11 -> 332000 | O11: =H11/M11 -> 0.47327933
A12: 6 | B12: ALKALI MEASURING / DILUTION TANK (MB) | C12: 0.340 KL | D12: 600 ID X 1200 LG. | E12: 2 | F12: FRP (BISPHENOL) | G12: 30 % NAOH | H12: ='06_0.330 KL'!G139 -> 50982.009 | I12: =H12*E12 -> 101964.02 | J12: ='06_0.330 KL'!I143 -> 121000 | K12: =J12*E12 -> 242000 | L12: =H12/J12 -> 0.42133892 | M12: =CEILING(J12*0.89,500) -> 108000 | N12: =M12*E12 -> 216000 | O12: =H12/M12 -> 0.47205564
I13: =SUM(I7:I12) -> 599641.01 | K13: =SUM(K7:K12) -> 1420000 | L13: =I13/K13 -> 0.4222824 | N13: =SUM(N7:N12) -> 1267000 | O13: =I13/N13 -> 0.47327625
I15: IF 10 % DISC GIVEN THEN | K15: =CEILING(K13*0.9,500) -> 1278000 | L15: =I13/K15 -> 0.46920267
B16: DESCRIPTION | D16: QTY | E16: UOM | F16: RATE (Rs.)
B17: ISOPHTHALIC | D17: =CEILING((E7*'01_1.35 KL'!D124)+(E8*'02 & 04_0.02 KL'!D124)+(SUMMARY!E9*'03_0.330 KL'!D124)+(SUMMARY!E10*'02 & 04_0.02 KL'!D124)+(SUMMARY!E11*'05_0.942 KL'!D125)+(SUMMARY!E12*'06_0.330 KL'!D125),10) -> 1000 | E17: KG | F17: ='RESIN RATE'!D6 -> 325 | I17: TOTAL TRANSPORT COST | J17: F.O.R. ONGC, URAN | K17: =SUMMARY!J139*SUMMARY!E7+'02 & 04_0.02 KL'!I139+'02 & 04_0.02 KL'!I139+'03_0.330 KL'!I139+'03_0.330 KL'!I139+'05_0.942 KL'!I140*SUMMARY!E11 -> 57000
B19: TOTAL | D19: =SUM(D17:D18) -> 1000 | E19: KG | I19: COST WITHOUT TRANSPORT | K19: SALE WITHOUT TRANSPORT | L19: FACT. | N19: SALE WITHOUT TRANSPORT | O19: FACT.
B20: 3 mm PP | D20: =CEILING((E7*'01_1.35 KL'!D123)+(E8*'02 & 04_0.02 KL'!D123)+(SUMMARY!E9*'03_0.330 KL'!D123)+(SUMMARY!E10*'02 & 04_0.02 KL'!D123)+(SUMMARY!E11*'05_0.942 KL'!D124)+(SUMMARY!E12*'03_0.330 KL'!D123),1) -> 92 | E20: SQM | I20: =I13 -> 599641.01 | K20: =K13*0.9-K17 -> 1221000 | L20: =I20/K20 -> 0.49110648 | N20: =N13-K17 -> 1210000 | O20: =I20/N20 -> 0.49557108

Sheet ANNEXURE
B2: ANNEXURE : FRP TANKS & ABSORBER DTD. R1 21.12.2021 | F2: =B2 -> ANNEXURE : FRP TANKS & ABSORBER DTD. R1 21.12.2021
B3: CLIENT : PARAMOUNT LTD., VADODARA | F3: =B3 -> CLIENT : PARAMOUNT LTD., VADODARA
B4: PROJECT : ADDN. PROCESS UNITS, URAN (JOB NO : PL-637) | F4: =B4 -> PROJECT : ADDN. PROCESS UNITS, URAN (JOB NO : PL-637)
B5: OFFER NO. : OFFER/JRF/PL/21-22/O-630 R1 DTD. R1 21.12.2021 | F5: =B5 -> OFFER NO. : OFFER/JRF/PL/21-22/O-630 R1 DTD. R1 21.12.2021
B7: SR. NO | C7: 01 | D7: 02 | E7: 03 | F7: =B7 -> SR. NO | G7: 04 | H7: 05 | I7: 06
B8: TAG NO. | C8: 21-T-005 A/B | D8: 21-FB-02 B | E8: 21-T-006 A/B | F8: =B8 -> TAG NO. | G8: 21-FB-03 | H8: 21-T-007 A/B | I8: 21-T-008 A/B
B9: DOC.NO. | C9: ONGC-637-MDS-501-1 REV '1' | D9: ONGC-637-MDS-501-2 REV '1' | E9: ONGC-637-MDS-501-3 REV '1' | F9: =B9 -> DOC.NO. | G9: ONGC-637-MDS-501-4 REV '1' | H9: ONGC-637-MDS-501-5 REV '1' | I9: ONGC-637-MDS-501-6 REV '1'
B10: TITLE | C10: ACID MEASURING TANK (SAC) | D10: FUME ABSORBER FOR ACID MEASURING TANK (SAC) | E10: ACID MEASURING TANK (MB) | F10: =B10 -> TITLE | G10: FUME ABSORBER FOR ACID MEASURING TANK (MB) | H10: ALKALI MEASURING TANK (SBA) | I10: ALKALI MEASURING TANK (MB)
B11: TYPE | C11: VERTICAL CYLINDRICAL WITH FLANGE BOLTED WITH COVER AT TOP AND FLAT BOTTOM | D11: VERTICAL CYLINDRICAL WITH FLANGE BOLTED WITH COVER AT TOP AND FLAT BOTTOM | E11: VERTICAL CYLINDRICAL WITH FLANGE BOLTED WITH COVER AT TOP AND FLAT BOTTOM | F11: =B11 -> TYPE | G11: VERTICAL CYLINDRICAL WITH FLANGE BOLTED WITH COVER AT TOP AND FLAT BOTTOM | H11: VERTICAL CYLINDRICAL WITH FLANGE BOLTED WITH COVER AT TOP AND FLAT BOTTOM | I11: VERTICAL CYLINDRICAL WITH FLANGE BOLTED WITH COVER AT TOP AND FLAT BOTTOM
B12: SIZE (mm) | C12: 1200 mm ID X 1200 mm VERTICAL SHELL HT. | D12: 300 mm ID X 300 mm VERTICAL SHELL HT. | E12: 600 mm ID X 1200 mm VERTICAL SHELL HT. | F12: =B12 -> SIZE (mm) | G12: 300 mm ID X 300 mm VERTICAL SHELL HT. | H12: 1000 mm ID X 1000 mm VERTICAL SHELL HT. | I12: 600 mm ID X 1200 mm VERTICAL SHELL HT.
B13: CAPACITY | C13: 1.35 KL | D13: 0.021 KL | E13: 0.330 KL | F13: =B13 -> CAPACITY | G13: 0.021 KL | H13: 0.942 KL | I13: 0.330 KL
B14: DENSITY (KG/M3) | C14: 1150 | D14: 1140 | E14: 1150 | F14: =B14 -> DENSITY (KG/M3) | G14: 1140 | H14: 1330 | I14: 1330
B15: PROCESS FLUID | C15: 30 % HCl | D15: 30 % HCl | E15: 30 % HCl | F15: =B15 -> PROCESS FLUID | G15: 30 % HCl | H15: 30 % CAUSTIC SOLUTION | I15: 30 % CAUSTIC SOLUTION
B16: DESIGN PRESSURE | C16: ATM + FULL OF LIQUID | D16: ATMOSPHERIC | E16: ATM + FULL OF LIQUID | F16: =B16 -> DESIGN PRESSURE | G16: ATMOSPHERIC | H16: ATM + FULL OF LIQUID | I16: ATM + FULL OF LIQUID
B17: OP.PRESSURE _Kg/cm2g | C17: ATM + LIQUID UPTO OVERFLOW LEVEL | D17: ATM + LIQUID UPTO OVERFLOW LEVEL | E17: ATM + LIQUID UPTO OVERFLOW LEVEL | F17: =B17 -> OP.PRESSURE _Kg/cm2g | G17: ATMOSPHERIC | H17: ATM + LIQUID UPTO OVERFLOW LEVEL | I17: ATM + LIQUID UPTO OVERFLOW LEVEL
B18: DESIGN TEMP | C18: 65 DEG C | D18: AMBIENT | E18: 65 DEG C | F18: =B18 -> DESIGN TEMP | G18: AMBIENT | H18: 65 DEG C | I18: 65 DEG C
B19: OPERATING TEMP | C19: AMBIENT | D19: AMBIENT | E19: AMBIENT | F19: =B19 -> OPERATING TEMP | G19: AMBIENT | H19: AMBIENT | I19: AMBIENT
B20: DESIGN VACCUM PRESSURE | C20: - | D20: - | E20: - | F20: =B20 -> DESIGN VACCUM PRESSURE | G20: - | H20: - | I20: -
B21: HYDRO TEST | C21: FULL OF WATER | D21: FULL OF WATER | E21: FULL OF WATER | F21: =B21 -> HYDRO TEST | G21: FULL OF WATER | H21: FULL OF WATER | I21: FULL OF WATER
B22: DESIGN CODE | C22: BS 4994 | D22: BS 4994 | E22: BS 4994 | F22: =B22 -> DESIGN CODE | G22: BS 4994 | H22: BS 4994 | I22: BS 4994
B23: M.O.C | C23: FRP (BISPHENOL) | D23: FRP (BISPHENOL) | E23: FRP (BISPHENOL) | F23: =B23 -> M.O.C | G23: FRP (BISPHENOL) | H23: FRP (BISPHENOL) | I23: FRP (BISPHENOL)
B24: GASKET | C24: EPDM 3 mm THK | D24: EPDM 3 mm THK | E24: EPDM 3 mm THK | F24: =B24 -> GASKET | G24: EPDM 3 mm THK | H24: EPDM 3 mm THK | I24: EPDM 3 mm THK
B25: NUT BOLTS | C25: SS 316 / IS1367 CI 4.6/4.0 | D25: SS 316 / IS1367 CI 4.6/4.0 | E25: SS 316 / IS1367 CI 4.6/4.0 | F25: =B25 -> NUT BOLTS | G25: SS 316 / IS1367 CI 4.6/4.0 | H25: SS 316 / IS1367 CI 4.6/4.0 | I25: SS 316 / IS1367 CI 4.6/4.0
B26: THICKNESS | F26: =B26 -> THICKNESS
B27: SHELL | C27: 8 mm FRP | D27: 6 mm FRP | E27: 8 mm FRP | F27: =B27 -> SHELL | G27: 6 mm FRP | H27: 8 mm FRP | I27: 8 mm FRP
B28: BOTTOM FLAT | C28: 8 mm FRP | D28: 6 mm FRP | E28: 8 mm FRP | F28: =B28 -> BOTTOM FLAT | G28: 6 mm FRP | H28: 8 mm FRP | I28: 8 mm FRP
B29: TOP COVER | C29: 20 mm FRP | D29: 10 mm FRP | E29: 15 mm FRP | F29: =B29 -> TOP COVER | G29: 10 mm FRP | H29: 18 mm FRP | I29: 15 mm FRP
B30: BODY FLG | C30: 20 mm FRP | D30: 10 mm FRP | E30: 15 mm FRP | F30: =B30 -> BODY FLG | G30: 10 mm FRP | H30: 18 mm FRP | I30: 15 mm FRP
B31: NOZZLES | C31: AS PER YOUR SPECIFICATION SHEET | D31: AS PER YOUR SPECIFICATION SHEET | E31: AS PER YOUR SPECIFICATION SHEET | F31: =B31 -> NOZZLES | G31: AS PER YOUR SPECIFICATION SHEET | H31: AS PER YOUR SPECIFICATION SHEET | I31: AS PER YOUR SPECIFICATION SHEET
B32: FLANGE STD. | C32: ASME B 16.5 150 # | D32: ASME B 16.5 150 # | E32: ASME B 16.5 150 # | F32: =B32 -> FLANGE STD. | G32: ASME B 16.5 150 # | H32: ASME B 16.5 150 # | I32: ASME B 16.5 150 #
B33: INTERNALS | C33: BY CLIENT | D33: 1 NO. 40 NB PIPE IN FRP 1 NO. 25 NB WATER INLET WITH SPRY PORTION AS PER DRAWING | E33: BY CLIENT | F33: =B33 -> INTERNALS | G33: 1 NO. 40 NB PIPE IN FRP 1 NO. 25 NB WATER INLET WITH SPRY PORTION AS PER DRAWING | H33: BY CLIENT | I33: BY CLIENT
B34: ACCESSORIES | C34: 1 NO. NAME PLATE, 1 SET OF LIFTING LUGS, 1 SET OF HOLD DOWN LUGS, 1 No 12 THK.SUITABLE NATURAL RUBBER PADDING AT BOTTOM 1 SET OF ANCHOR BOLTS | D34: 1 NO. NAME PLATE, 1 SET OF LIFTING LUGS, 1 SET OF HOLD DOWN LUGS, 1 NO. 2 INCH BOTTOM PIPE SUPPORT WITH GUSSETS & BOTTOM SQUARE PLATE IN FRP 1 SET OF ANCHOR BOLTS | E34: 1 NO. NAME PLATE, 1 SET OF LIFTING LUGS, 1 SET OF HOLD DOWN LUGS, 1 No 12 THK.SUITABLE NATURAL RUBBER PADDING AT BOTTOM 1 SET OF ANCHOR BOLTS | F34: =B34 -> ACCESSORIES | G34: 1 NO. NAME PLATE, 1 SET OF LIFTING LUGS, 1 SET OF HOLD DOWN LUGS, 1 NO. 2 INCH BOTTOM PIPE SUPPORT WITH GUSSETS & BOTTOM SQUARE PLATE IN FRP 1 SET OF ANCHOR BOLTS | H34: 1 NO. NAME PLATE, 1 SET OF LIFTING LUGS, 1 SET OF HOLD DOWN LUGS, 1 No 12 THK.SUITABLE NATURAL RUBBER PADDING AT BOTTOM 1 SET OF ANCHOR BOLTS IN MS 4 NO'S BAFFLES IN FRP | I34: 1 NO. NAME PLATE, 1 SET OF LIFTING LUGS, 1 SET OF HOLD DOWN LUGS, 1 No 12 THK.SUITABLE NATURAL RUBBER PADDING AT BOTTOM 1 SET OF ANCHOR BOLTS 4 NO'S BAFFLES IN FRP
B35: SUPPORT | C35: NIL, SELF SUPPORTED (CLIENT TO PROVIDE FINE CEMENT SLURRY OVER THE CIVIL FOUNDATION AT THE TIME OF INSTALLATION OF TANK) | D35: FRP PIPE SUPPORT AS PER SHOWN IN DRAWING, CIVIL FOUNDATION BY CLIENT | E35: NIL, SELF SUPPORTED (CLIENT TO PROVIDE FINE CEMENT SLURRY OVER THE CIVIL FOUNDATION AT THE TIME OF INSTALLATION OF TANK) | F35: =B35 -> SUPPORT | G35: FRP PIPE SUPPORT AS PER SHOWN IN DRAWING, CIVIL FOUNDATION BY CLIENT | H35: NIL, SELF SUPPORTED (CLIENT TO PROVIDE FINE CEMENT SLURRY OVER THE CIVIL FOUNDATION AT THE TIME OF INSTALLATION OF TANK) | I35: NIL, SELF SUPPORTED (CLIENT TO PROVIDE FINE CEMENT SLURRY OVER THE CIVIL FOUNDATION AT THE TIME OF INSTALLATION OF TANK)
B36: COMMISSIONING SPARES | C36: As a minimum 200 % gaskets and 10 % (2 sets min.) Studs and nuts for all blinded nozzles and Manhole | D36: As a minimum 200 % gaskets and 10 % (2 sets min.) Studs and nuts for all blinded nozzles and Manhole | E36: As a minimum 200 % gaskets and 10 % (2 sets min.) Studs and nuts for all blinded nozzles and Manhole | F36: =B36 -> COMMISSIONING SPARES | G36: As a minimum 200 % gaskets and 10 % (2 sets min.) Studs and nuts for all blinded nozzles and Manhole | H36: As a minimum 200 % gaskets and 10 % (2 sets min.) Studs and nuts for all blinded nozzles and Manhole | I36: As a minimum 200 % gaskets and 10 % (2 sets min.) Studs and nuts for all blinded nozzles and Manhole
B37: EXCLUSION | C37: LI/LT/TI /TT/PI/PTT, LADDER & RAILING, THERMOWELL , EARTHING BOSS, GRAPHITE ROD ASSEMBLY, SUPPORT STURCURE & ITS ACCESSORIES, ANY TYPE OF VALVES & INSTRUMENTS, ANY TYPE OF INSULATION, ANY OTHER ITEM OR SERVICE NOT SPECIALLY MENTIONED ABOVE | D37: LI/LT/TI /TT/PI/PTT, LADDER & RAILING, THERMOWELL , EARTHING BOSS, GRAPHITE ROD ASSEMBLY, SUPPORT STURCURE & ITS ACCESSORIES, ANY TYPE OF VALVES & INSTRUMENTS, ANY TYPE OF INSULATION, ANY OTHER ITEM OR SERVICE NOT SPECIALLY MENTIONED ABOVE | E37: LI/LT/TI /TT/PI/PTT, LADDER & RAILING, THERMOWELL , EARTHING BOSS, GRAPHITE ROD ASSEMBLY, SUPPORT STURCURE & ITS ACCESSORIES, ANY TYPE OF VALVES & INSTRUMENTS, ANY TYPE OF INSULATION, ANY OTHER ITEM OR SERVICE NOT SPECIALLY MENTIONED ABOVE | F37: =B37 -> EXCLUSION | G37: LI/LT/TI /TT/PI/PTT, LADDER & RAILING, THERMOWELL , EARTHING BOSS, GRAPHITE ROD ASSEMBLY, SUPPORT STURCURE & ITS ACCESSORIES, ANY TYPE OF VALVES & INSTRUMENTS, ANY TYPE OF INSULATION, ANY OTHER ITEM OR SERVICE NOT SPECIALLY MENTIONED ABOVE | H37: LI/LT/TI /TT/PI/PTT, LADDER & RAILING, THERMOWELL , EARTHING BOSS, GRAPHITE ROD ASSEMBLY, SUPPORT STURCURE & ITS ACCESSORIES, ANY TYPE OF VALVES & INSTRUMENTS, ANY TYPE OF INSULATION, ANY OTHER ITEM OR SERVICE NOT SPECIALLY MENTIONED ABOVE | I37: LI/LT/TI /TT/PI/PTT, LADDER & RAILING, THERMOWELL , EARTHING BOSS, GRAPHITE ROD ASSEMBLY, SUPPORT STURCURE & ITS ACCESSORIES, ANY TYPE OF VALVES & INSTRUMENTS, ANY TYPE OF INSULATION, ANY OTHER ITEM OR SERVICE NOT SPECIALLY MENTIONED ABOVE
B38: UNIT RATE (Rs.) | C38: ='01_1.35 KL'!I142 -> 203000 | D38: ='02 & 04_0.02 KL'!I142 -> 46500 | E38: ='03_0.330 KL'!I142 -> 107000 | F38: =B38 -> UNIT RATE (Rs.) | G38: ='02 & 04_0.02 KL'!I142 -> 46500 | H38: ='05_0.942 KL'!I143 -> 186000 | I38: ='06_0.330 KL'!I143 -> 121000 | J38: TOTAL
B39: QTY (NOS) | C39: 2 | D39: 2 | E39: 2 | F39: =B39 -> QTY (NOS) | G39: 2 | H39: 2 | I39: 2 | J39: =SUM(C39:I39) -> 12
B40: TOTAL (Rs.) | C40: =C38*C39 -> 406000 | D40: =D38*D39 -> 93000 | E40: =E38*E39 -> 214000 | F40: =B40 -> TOTAL (Rs.) | G40: =G38*G39 -> 93000 | H40: =H38*H39 -> 372000 | I40: =I38*I39 -> 242000 | J40: =SUM(C40:I40) -> 1420000
B41: NOTE | C41: MATRIAL SUITABLITY TO BE CHECK AT YOUR END | F41: =B41 -> NOTE | G41: MATRIAL SUITABLITY TO BE CHECK AT YOUR END
C42: 01 | D42: 02 | E42: 03 | G42: 04 | H42: 05 | I42: 06
C43: 1.35 KL | D43: 0.021 KL | E43: 0.330 KL | G43: 0.021 KL | H43: 0.942 KL | I43: 0.330 KL

Sheet 01_1.35 KL
C1: DATE | D1: 44551 | E1: R1
C2: DATE | D2: 44530 | E2: R0 | M2: R1 | N2: 01
C3: TYPE | D3: VERTICAL CYLINDRICAL WITH FLAT TOP WITH COVER AND FLAT BOTTOM
C4: CLIENT | D4: M/s PARAMOUNT
C5: CAPACITY | D5: =M11 -> 1.357168 | E5: KL
C6: TITLE | D6: ACID MEASURING TANK (SAC)
C10: DIAMETER | D10: =+J13/1000 -> 1.2 | F10: 21-T-005 A/B
C11: HEIGHT | D11: =+I13/1000 -> 1.2 | M11: =(PI()/4)*(DIA^2)*HT -> 1.357168
C12: CONE ANGLE | D12: 15 | I12: HEIGHT | J12: DIAMETER
C13: B. SHELL HT. | D13: =+HT/5 -> 0.24 | I13: 1200 | J13: 1200
C14: B.M. SHELL HT. | D14: =+HT/5 -> 0.24 | I14: (in mm) | J14: (in mm)
C15: M. SHELL HT. | D15: =+HT/5 -> 0.24
C16: T.M. SHELL HT. | D16: =+HT/5 -> 0.24
C17: T. SHELL HT. | D17: =+HT/5 -> 0.24
C18: D.E.D | D18: =+DIA*1.2+0.1 -> 1.54
D20: M.O.C- FRP (BISPHENOL)
D21: THK | H21: PART | I21: Qty | J21: =D22 -> 0 | K21: FRP AREA | L21: =E22 -> BIS | M21: =F22 -> BIS | N21: =G22 -> BIS
C22: THK | E22: BIS | F22: BIS | G22: BIS | J22: Sq.M | K22: Sq.M | L22: Sq.M-mm | M22: Sq.M-mm | N22: Sq.M-mm
C23: 8 | E23: 3 | F23: =C23-E23-G23 -> 4 | G23: 1 | H23: BOTTOM SHELL | I23: 1 | J23: =PI()*DIA*D13*I23 -> 0.90477868 | K23: =PI()*DIA*D13 -> 0.90477868 | L23: =K23*E23*I23 -> 2.7143361 | M23: =K23*F23*I23 -> 3.6191147 | N23: =K23*G23*I23 -> 0.90477868
C24: 8 | E24: 3 | F24: =C24-E24-G24 -> 4 | G24: 1 | H24: BOTT MIDD SHELL | I24: 1 | J24: =PI()*DIA*B.M.S.H*I24 -> 0.90477868 | K24: =PI()*DIA*B.M.S.H -> 0.90477868 | L24: =K24*E24*I24 -> 2.7143361 | M24: =K24*F24*I24 -> 3.6191147 | N24: =K24*G24*I24 -> 0.90477868
C25: 8 | E25: 3 | F25: =C25-E25-G25 -> 4 | G25: 1 | H25: MIDDLE SHELL | I25: 1 | J25: =PI()*DIA*M.S.H*I25 -> 0.90477868 | K25: =PI()*DIA*M.S.H -> 0.90477868 | L25: =K25*E25*I25 -> 2.7143361 | M25: =K25*F25*I25 -> 3.6191147 | N25: =K25*G25*I25 -> 0.90477868
C26: 8 | E26: 3 | F26: =C26-E26-G26 -> 4 | G26: 1 | H26: TOP MIDD SHELL | I26: 1 | J26: =PI()*DIA*T.M.S.H*I26 -> 0.90477868 | K26: =PI()*DIA*T.M.S.H -> 0.90477868 | L26: =K26*E26*I26 -> 2.7143361 | M26: =K26*F26*I26 -> 3.6191147 | N26: =K26*G26*I26 -> 0.90477868
C27: 8 | E27: 3 | F27: =C27-E27-G27 -> 4 | G27: 1 | H27: TOP SHELL | I27: 1 | J27: =PI()*DIA*T.S.H*I27 -> 0.90477868 | K27: =PI()*DIA*T.S.H -> 0.90477868 | L27: =K27*E27*I27 -> 2.7143361 | M27: =K27*F27*I27 -> 3.6191147 | N27: =K27*G27*I27 -> 0.90477868
C28: 8 | E28: 0 | F28: 0 | G28: 0 | H28: CON TOP | I28: 1 | J28: =((DIA^2)/(COS(ANGLE*PI()/180)))*I28 -> 1.4907977 | K28: =PI()/4*((DIA^2)/(COS(ANGLE*PI()/180))) -> 1.1708698 | L28: =K28*E28*I28 -> 0 | M28: =K28*F28*I28 -> 0 | N28: =K28*G28*I28 -> 0
C29: 8 | E29: 3 | F29: =C29-E29-G29 -> 4 | G29: 1 | H29: FLAT BOTTM | I29: 1 | J29: =(DIA^2)*I29 -> 1.44 | K29: =(PI()/4)*(DIA^2) -> 1.1309734 | L29: =K29*E29*I29 -> 3.3929201 | M29: =K29*F29*I29 -> 4.5238934 | N29: =K29*G29*I29 -> 1.1309734
C30: 20 | E30: 3 | F30: =C30-E30-G30 -> 16 | G30: 1 | H30: BODY FLG | I30: 1 | J30: =((DIA+0.2)^2)*I30 -> 1.96 | K30: =((PI()/4)*((DIA+0.2)^2-DIA^2)) -> 0.40840704 | L30: =K30*E30*I30 -> 1.2252211 | M30: =K30*F30*I30 -> 6.5345127 | N30: =K30*G30*I30 -> 0.40840704
C31: 20 | E31: 3 | F31: =C31-E31-G31 -> 16 | G31: 1 | H31: TOP COVER | I31: 1 | J31: =((DIA+0.2)^2)*I31 -> 1.96 | K31: =((PI()/4)*((DIA+0.2)^2)) -> 1.5393804 | L31: =K31*E31*I31 -> 4.6181412 | M31: =K31*F31*I31 -> 24.630086 | N31: =K31*G31*I31 -> 1.5393804
C32: =CEILING((C31+C23)*0.5,1) -> 14 | F32: =C32-E32-G32 -> 14 | H32: R/F - BOTTOM | I32: 1 | K32: =PI()*DIA*(2*2*SQRT(DIA*((C32)/1000/2))) -> 1.3820723 | M32: =K32*F32*I32 -> 19.349012
C33: =CEILING((C31+C27)*0.5,1) -> 14 | F33: =C33-E33-G33 -> 14 | H33: R/F - TOP | I33: 1 | K33: =PI()*DIA*(2*2*SQRT(DIA*((C33)/1000/2))) -> 1.3820723 | M33: =K33*F33*I33 -> 19.349012
C34: 0 | F34: =C34-E34-G34 -> 0 | H34: R/F -LUGS SUPPORT | I34: 1 | K34: =PI()*DIA*0.45 -> 1.69646 | M34: =K34*F34*I34 -> 0
C35: 0 | F35: =C35-E35-G35 -> 0 | H35: STFFENER @TOP | I35: 0 | K35: =(DIA)/(COS(ANGLE*PI()/180))*((50+75+75+75+50)/1000) -> 0.40375771 | M35: =K35*F35*I35 -> 0
C36: 0 | F36: =C36-E36-G36 -> 0 | H36: SHEL STIFF | I36: 0 | K36: =PI()*DIA*0.4 -> 1.5079645 | M36: =K36*F36*I36 -> 0
V37: FLG. THICKNESS | X37: PIPE THICKNESS | Z37: FLG. AREA | AB37: PIPE AREA | AD37: TOTAL
Q38: NOZZLE | R38: PIPE SIZE | S38: PIPE LENGTH | T38: FLG. OD | U38: AREA | V38: PP | W38: FRP | X38: PP | Y38: FRP | Z38: PP | AA38: FRP | AB38: PP | AC38: FRP | AD38: PP (Sq.M) | AE38: FRP (Sq. M- mm)
P39: N001 | Q39: N001 | R39: 0 | S39: 0 | T39: 0 | U39: =((PI()/4)*(T39^2-R39^2))+(PI()*R39*S39) -> 0 | V39: 5 | W39: 12 | X39: 5 | Y39: 5 | Z39: =(T39^2)*CEILING(V39/4,1) -> 0 | AA39: =((PI()/4)*(T39^2-R39^2))*W39 -> 0 | AB39: =+(PI()*R39*S39)*CEILING(X39/3,1) -> 0 | AC39: =+(PI()*R39*S39)*Y39 -> 0 | AD39: =+Z39+AB39 -> 0 | AE39: =+AA39+AC39 -> 0
H40: N040 | I40: 4 | J40: =LOOKUP(H40,NOZZLE1,PP_AREA)*I40 -> 0.27982845 | L40: 1.39 | M40: =L40*I40 -> 5.56 | P40: N015 | Q40: N015 | R40: 0.015 | S40: 0.15 | T40: 0.089 | U40: =((PI()/4)*(T40^2-R40^2))+(PI()*R40*S40) -> 0.013113008 | V40: 5 | W40: 12 | X40: 5 | Y40: 5 | Z40: =(T40^2)*CEILING(V40/4,1) -> 0.015842 | AA40: =((PI()/4)*(T40^2-R40^2))*W40 -> 0.072533091 | AB40: =+(PI()*R40*S40)*CEILING(X40/3,1) -> 0.014137167 | AC40: =+(PI()*R40*S40)*Y40 -> 0.035342917 | AD40: =+Z40+AB40 -> 0.029979167 | AE40: =+AA40+AC40 -> 0.10787601
H41: N050 | I41: 2 | J41: =LOOKUP(H41,NOZZLE1,PP_AREA)*I41 -> 0.18666378 | L41: 1.7 | M41: =L41*I41 -> 3.4 | P41: N020 | Q41: N020 | R41: 0.02 | S41: 0.15 | T41: 0.098 | U41: =((PI()/4)*(T41^2-R41^2))+(PI()*R41*S41) -> 0.016653583 | V41: 5 | W41: 12 | X41: 5 | Y41: 5 | Z41: =(T41^2)*CEILING(V41/4,1) -> 0.019208 | AA41: =((PI()/4)*(T41^2-R41^2))*W41 -> 0.086745656 | AB41: =+(PI()*R41*S41)*CEILING(X41/3,1) -> 0.018849556 | AC41: =+(PI()*R41*S41)*Y41 -> 0.04712389 | AD41: =+Z41+AB41 -> 0.038057556 | AE41: =+AA41+AC41 -> 0.13386955
H42: N100 | I42: 3 | J42: =LOOKUP(H42,NOZZLE1,PP_AREA)*I42 -> 0.59738934 | L42: 1.9 | M42: =L42*I42 -> 5.7 | P42: N025 | Q42: N025 | R42: 0.025 | S42: 0.15 | T42: 0.108 | U42: =((PI()/4)*(T42^2-R42^2))+(PI()*R42*S42) -> 0.020450983 | V42: 5 | W42: 12 | X42: 5 | Y42: 5 | Z42: =(T42^2)*CEILING(V42/4,1) -> 0.023328 | AA42: =((PI()/4)*(T42^2-R42^2))*W42 -> 0.10404012 | AB42: =+(PI()*R42*S42)*CEILING(X42/3,1) -> 0.023561945 | AC42: =+(PI()*R42*S42)*Y42 -> 0.058904862 | AD42: =+Z42+AB42 -> 0.046889945 | AE42: =+AA42+AC42 -> 0.16294499
H43: N100 | I43: 0 | J43: =LOOKUP(H43,NOZZLE1,PP_AREA)*I43 -> 0 | L43: 1.55 | M43: =L43*I43 -> 0 | P43: N040 | Q43: N040 | R43: 0.04 | S43: 0.15 | T43: 0.127 | U43: =((PI()/4)*(T43^2-R43^2))+(PI()*R43*S43) -> 0.030260606 | V43: 5 | W43: 15 | X43: 5 | Y43: 6 | Z43: =(T43^2)*CEILING(V43/4,1) -> 0.032258 | AA43: =((PI()/4)*(T43^2-R43^2))*W43 -> 0.17116575 | AB43: =+(PI()*R43*S43)*CEILING(X43/3,1) -> 0.037699112 | AC43: =+(PI()*R43*S43)*Y43 -> 0.11309734 | AD43: =+Z43+AB43 -> 0.069957112 | AE43: =+AA43+AC43 -> 0.28426308
H44: N450 | I44: 0 | J44: =LOOKUP(H44,NOZZLE1,PP_AREA)*I44 -> 0 | L44: 7.34 | M44: =L44*I44 -> 0 | P44: N050 | Q44: N050 | R44: 0.05 | S44: 0.15 | T44: 0.152 | U44: =((PI()/4)*(T44^2-R44^2))+(PI()*R44*S44) -> 0.039744289 | V44: 5 | W44: 15 | X44: 5 | Y44: 6 | Z44: =(T44^2)*CEILING(V44/4,1) -> 0.046208 | AA44: =((PI()/4)*(T44^2-R44^2))*W44 -> 0.24273516 | AB44: =+(PI()*R44*S44)*CEILING(X44/3,1) -> 0.04712389 | AC44: =+(PI()*R44*S44)*Y44 -> 0.14137167 | AD44: =+Z44+AB44 -> 0.09333189 | AE44: =+AA44+AC44 -> 0.38410683
H45: N500 | I45: 0 | J45: =LOOKUP(H45,NOZZLE1,PP_AREA)*I45 -> 0 | M45: SH.MH | P45: N065 | Q45: N065 | R45: 0.065 | S45: 0.15 | T45: 0.178 | U45: =((PI()/4)*(T45^2-R45^2))+(PI()*R45*S45) -> 0.052196777 | V45: 5 | W45: 18 | X45: 5 | Y45: 6 | Z45: =(T45^2)*CEILING(V45/4,1) -> 0.063368 | AA45: =((PI()/4)*(T45^2-R45^2))*W45 -> 0.38819247 | AB45: =+(PI()*R45*S45)*CEILING(X45/3,1) -> 0.061261057 | AC45: =+(PI()*R45*S45)*Y45 -> 0.18378317 | AD45: =+Z45+AB45 -> 0.12462906 | AE45: =+AA45+AC45 -> 0.57197564
H46: N600 | I46: 0 | J46: =LOOKUP(H46,NOZZLE1,PP_AREA)*I46 -> 0 | P46: N080 | Q46: N080 | R46: 0.08 | S46: 0.15 | T46: 0.191 | U46: =((PI()/4)*(T46^2-R46^2))+(PI()*R46*S46) -> 0.061324674 | V46: 5 | W46: 18 | X46: 5 | Y46: 7 | Z46: =(T46^2)*CEILING(V46/4,1) -> 0.072962 | AA46: =((PI()/4)*(T46^2-R46^2))*W46 -> 0.42526012 | AB46: =+(PI()*R46*S46)*CEILING(X46/3,1) -> 0.075398224 | AC46: =+(PI()*R46*S46)*Y46 -> 0.26389378 | AD46: =+Z46+AB46 -> 0.14836022 | AE46: =+AA46+AC46 -> 0.6891539
H47: N600 | I47: 0 | J47: =LOOKUP(H47,NOZZLE1,PP_AREA)*I47 -> 0 | P47: N100 | Q47: N100 | R47: 0.1 | S47: 0.15 | T47: 0.229 | U47: =((PI()/4)*(T47^2-R47^2))+(PI()*R47*S47) -> 0.080456973 | V47: 5 | W47: 20 | X47: 5 | Y47: 7 | Z47: =(T47^2)*CEILING(V47/4,1) -> 0.104882 | AA47: =((PI()/4)*(T47^2-R47^2))*W47 -> 0.66666167 | AB47: =+(PI()*R47*S47)*CEILING(X47/3,1) -> 0.09424778 | AC47: =+(PI()*R47*S47)*Y47 -> 0.32986723 | AD47: =+Z47+AB47 -> 0.19912978 | AE47: =+AA47+AC47 -> 0.9965289
H48: N400 | I48: 0 | J48: =LOOKUP(H48,NOZZLE1,PP_AREA)*I48 -> 0 | P48: N125 | Q48: N125 | R48: 0.125 | S48: 0.15 | T48: 0.254 | U48: =((PI()/4)*(T48^2-R48^2))+(PI()*R48*S48) -> 0.097303764 | V48: 5 | W48: 20 | X48: 5 | Y48: 7 | Z48: =(T48^2)*CEILING(V48/4,1) -> 0.129032 | AA48: =((PI()/4)*(T48^2-R48^2))*W48 -> 0.76797803 | AB48: =+(PI()*R48*S48)*CEILING(X48/3,1) -> 0.11780972 | AC48: =+(PI()*R48*S48)*Y48 -> 0.41233404 | AD48: =+Z48+AB48 -> 0.24684172 | AE48: =+AA48+AC48 -> 1.1803121
H49: N600 | I49: 0 | J49: =LOOKUP(H49,NOZZLE1,PP_AREA)*I49 -> 0 | P49: N150 | Q49: N150 | R49: 0.15 | S49: 0.15 | T49: 0.279 | U49: =((PI()/4)*(T49^2-R49^2))+(PI()*R49*S49) -> 0.11415055 | V49: 5 | W49: 20 | X49: 5 | Y49: 8 | Z49: =(T49^2)*CEILING(V49/4,1) -> 0.155682 | AA49: =((PI()/4)*(T49^2-R49^2))*W49 -> 0.8692944 | AB49: =+(PI()*R49*S49)*CEILING(X49/3,1) -> 0.14137167 | AC49: =+(PI()*R49*S49)*Y49 -> 0.56548668 | AD49: =+Z49+AB49 -> 0.29705367 | AE49: =+AA49+AC49 -> 1.4347811
H50: N600 | I50: 0 | J50: =LOOKUP(H50,NOZZLE1,PP_AREA)*I50 -> 0 | P50: N200 | Q50: N200 | R50: 0.2 | S50: 0.15 | T50: 0.33 | U50: =((PI()/4)*(T50^2-R50^2))+(PI()*R50*S50) -> 0.14836171 | V50: 5 | W50: 22 | X50: 5 | Y50: 8 | Z50: =(T50^2)*CEILING(V50/4,1) -> 0.2178 | AA50: =((PI()/4)*(T50^2-R50^2))*W50 -> 1.1905065 | AB50: =+(PI()*R50*S50)*CEILING(X50/3,1) -> 0.18849556 | AC50: =+(PI()*R50*S50)*Y50 -> 0.75398224 | AD50: =+Z50+AB50 -> 0.40629556 | AE50: =+AA50+AC50 -> 1.9444888
H51: N250 | I51: 0 | J51: =LOOKUP(H51,NOZZLE1,PP_AREA)*I51 -> 0 | P51: N250 | Q51: N250 | R51: 0.25 | S51: 0.15 | T51: 0.38 | U51: =((PI()/4)*(T51^2-R51^2))+(PI()*R51*S51) -> 0.18213383 | V51: 5 | W51: 22 | X51: 5 | Y51: 8 | Z51: =(T51^2)*CEILING(V51/4,1) -> 0.2888 | AA51: =((PI()/4)*(T51^2-R51^2))*W51 -> 1.4151304 | AB51: =+(PI()*R51*S51)*CEILING(X51/3,1) -> 0.23561945 | AC51: =+(PI()*R51*S51)*Y51 -> 0.9424778 | AD51: =+Z51+AB51 -> 0.52441945 | AE51: =+AA51+AC51 -> 2.3576082
H52: N300 | I52: 0 | J52: =LOOKUP(H52,NOZZLE1,PP_AREA)*I52 -> 0 | P52: N300 | Q52: N300 | R52: 0.3 | S52: 0.15 | T52: 0.43 | U52: =((PI()/4)*(T52^2-R52^2))+(PI()*R52*S52) -> 0.21590596 | V52: 5 | W52: 25 | X52: 5 | Y52: 8 | Z52: =(T52^2)*CEILING(V52/4,1) -> 0.3698 | AA52: =((PI()/4)*(T52^2-R52^2))*W52 -> 1.8633571 | AB52: =+(PI()*R52*S52)*CEILING(X52/3,1) -> 0.28274334 | AC52: =+(PI()*R52*S52)*Y52 -> 1.1309734 | AD52: =+Z52+AB52 -> 0.65254334 | AE52: =+AA52+AC52 -> 2.9943305
H53: N350 | I53: 0 | J53: =LOOKUP(H53,NOZZLE1,PP_AREA)*I53 -> 0 | P53: N350 | Q53: N350 | R53: 0.35 | S53: 0.15 | T53: 0.48 | U53: =((PI()/4)*(T53^2-R53^2))+(PI()*R53*S53) -> 0.24967808 | V53: 5 | W53: 25 | X53: 5 | Y53: 9 | Z53: =(T53^2)*CEILING(V53/4,1) -> 0.4608 | AA53: =((PI()/4)*(T53^2-R53^2))*W53 -> 2.1186115 | AB53: =+(PI()*R53*S53)*CEILING(X53/3,1) -> 0.32986723 | AC53: =+(PI()*R53*S53)*Y53 -> 1.4844025 | AD53: =+Z53+AB53 -> 0.79066723 | AE53: =+AA53+AC53 -> 3.6030141
H54: N400 | I54: 0 | J54: =LOOKUP(H54,NOZZLE1,PP_AREA)*I54 -> 0 | P54: N400 | Q54: N400 | R54: 0.4 | S54: 0.15 | T54: 0.53 | U54: =((PI()/4)*(T54^2-R54^2))+(PI()*R54*S54) -> 0.2834502 | V54: 5 | W54: 25 | X54: 5 | Y54: 9 | Z54: =(T54^2)*CEILING(V54/4,1) -> 0.5618 | AA54: =((PI()/4)*(T54^2-R54^2))*W54 -> 2.3738659 | AB54: =+(PI()*R54*S54)*CEILING(X54/3,1) -> 0.37699112 | AC54: =+(PI()*R54*S54)*Y54 -> 1.69646 | AD54: =+Z54+AB54 -> 0.93879112 | AE54: =+AA54+AC54 -> 4.070326
H55: N450 | I55: 0 | J55: =LOOKUP(H55,NOZZLE1,PP_AREA)*I55 -> 0 | P55: N450 | Q55: N450 | R55: 0.45 | S55: 0.15 | T55: 0.58 | U55: =((PI()/4)*(T55^2-R55^2))+(PI()*R55*S55) -> 0.31722232 | V55: 5 | W55: 25 | X55: 5 | Y55: 9 | Z55: =(T55^2)*CEILING(V55/4,1) -> 0.6728 | AA55: =((PI()/4)*(T55^2-R55^2))*W55 -> 2.6291204 | AB55: =+(PI()*R55*S55)*CEILING(X55/3,1) -> 0.42411501 | AC55: =+(PI()*R55*S55)*Y55 -> 1.9085175 | AD55: =+Z55+AB55 -> 1.096915 | AE55: =+AA55+AC55 -> 4.5376379
H56: N500 | I56: 0 | J56: =LOOKUP(H56,NOZZLE1,PP_AREA)*I56 -> 0 | P56: N500 | Q56: N500 | R56: 0.5 | S56: 0.15 | T56: 0.63 | U56: =((PI()/4)*(T56^2-R56^2))+(PI()*R56*S56) -> 0.35099444 | V56: 5 | W56: 28 | X56: 5 | Y56: 10 | Z56: =(T56^2)*CEILING(V56/4,1) -> 0.7938 | AA56: =((PI()/4)*(T56^2-R56^2))*W56 -> 3.2304997 | AB56: =+(PI()*R56*S56)*CEILING(X56/3,1) -> 0.4712389 | AC56: =+(PI()*R56*S56)*Y56 -> 2.3561945 | AD56: =+Z56+AB56 -> 1.2650389 | AE56: =+AA56+AC56 -> 5.5866942
H57: N600 | I57: 0 | J57: =LOOKUP(H57,NOZZLE1,PP_AREA)*I57 -> 0 | P57: N600 | Q57: N600 | R57: 0.6 | S57: 0.15 | T57: 0.73 | U57: =((PI()/4)*(T57^2-R57^2))+(PI()*R57*S57) -> 0.41853868 | V57: 5 | W57: 30 | X57: 5 | Y57: 11 | Z57: =(T57^2)*CEILING(V57/4,1) -> 1.0658 | AA57: =((PI()/4)*(T57^2-R57^2))*W57 -> 4.0738603 | AB57: =+(PI()*R57*S57)*CEILING(X57/3,1) -> 0.56548668 | AC57: =+(PI()*R57*S57)*Y57 -> 3.1101767 | AD57: =+Z57+AB57 -> 1.6312867 | AE57: =+AA57+AC57 -> 7.184037
V58: THICKNESS
Q59: B.FLANGE | R59: PIPE SIZE | S59: PIPE LENGTH | T59: FLG. OD | U59: AREA | V59: PP | W59: FRP
P60: B001 | Q60: B001 | R60: 0 | S60: 0 | T60: 0 | U60: =((PI()/4)*(T60^2)) -> 0 | V60: 5 | W60: 12
E61: =LOOKUP(H61,B.FLG,B.FLG.FRP) -> 15 | H61: B040 | I61: 1 | J61: =LOOKUP(H61,B.FLG,B.FLG.AREA)*(CEILING(D61/3,1))*I61 -> 0 | K61: =LOOKUP(H61,B.FLG,B.FLG.AREA) -> 0.012667687 | L61: 0.22 | M61: =L61*I61 -> 0.22 | P61: B015 | Q61: B015 | R61: 0.015 | S61: 0.15 | T61: 0.089 | U61: =((PI()/4)*(T61^2)) -> 0.0062211389 | V61: 5 | W61: 12
E62: =LOOKUP(H62,B.FLG,B.FLG.FRP) -> 18 | H62: B100 | I62: 0 | J62: =LOOKUP(H62,B.FLG,B.FLG.AREA)*(CEILING(D62/3,1))*I62 -> 0 | K62: =LOOKUP(H62,B.FLG,B.FLG.AREA) -> 0.041187065 | L62: 0.61 | M62: =L62*I62 -> 0 | P62: B020 | Q62: B020 | R62: 0.02 | S62: 0.15 | T62: 0.098 | U62: =((PI()/4)*(T62^2)) -> 0.007542964 | V62: 5 | W62: 12
E63: =LOOKUP(H63,B.FLG,B.FLG.FRP) -> 18 | H63: B080 | I63: 0 | J63: =LOOKUP(H63,B.FLG,B.FLG.AREA)*(CEILING(D63/3,1))*I63 -> 0 | K63: =LOOKUP(H63,B.FLG,B.FLG.AREA) -> 0.02865211 | L63: 0.38 | M63: =L63*I63 -> 0 | P63: B025 | Q63: B025 | R63: 0.025 | S63: 0.15 | T63: 0.108 | U63: =((PI()/4)*(T63^2)) -> 0.0091608842 | V63: 5 | W63: 12
E64: =LOOKUP(H64,B.FLG,B.FLG.FRP) -> 18 | H64: B100 | I64: 0 | J64: =LOOKUP(H64,B.FLG,B.FLG.AREA)*(CEILING(D64/3,1))*I64 -> 0 | K64: =LOOKUP(H64,B.FLG,B.FLG.AREA) -> 0.041187065 | L64: 0.46 | M64: =L64*I64 -> 0 | P64: B040 | Q64: B040 | R64: 0.04 | S64: 0.15 | T64: 0.127 | U64: =((PI()/4)*(T64^2)) -> 0.012667687 | V64: 5 | W64: 15
E65: =LOOKUP(H65,B.FLG,B.FLG.FRP) -> 25 | H65: B450 | I65: 0 | J65: =LOOKUP(H65,B.FLG,B.FLG.AREA)*(CEILING(D65/3,1))*I65 -> 0 | K65: =LOOKUP(H65,B.FLG,B.FLG.AREA)*1.5 -> 0.39631191 | L65: 4.46 | M65: =L65*I65 -> 0 | P65: B050 | Q65: B050 | R65: 0.05 | S65: 0.15 | T65: 0.152 | U65: =((PI()/4)*(T65^2)) -> 0.018145839 | V65: 5 | W65: 15
E66: =LOOKUP(H66,B.FLG,B.FLG.FRP) -> 30 | H66: B600 | I66: 0 | J66: =LOOKUP(H66,B.FLG,B.FLG.AREA)*(CEILING(D66/3,1))*I66 -> 0 | K66: =LOOKUP(H66,B.FLG,B.FLG.AREA) -> 0.41853868 | L66: =+E66*K66*I66 -> 0 | P66: B065 | Q66: B065 | R66: 0.065 | S66: 0.15 | T66: 0.178 | U66: =((PI()/4)*(T66^2)) -> 0.024884555 | V66: 5 | W66: 15
E67: =LOOKUP(H67,B.FLG,B.FLG.FRP) -> 30 | H67: B600 | I67: 0 | J67: =LOOKUP(H67,B.FLG,B.FLG.AREA)*(CEILING(D67/3,1))*I67 -> 0 | K67: =LOOKUP(H67,B.FLG,B.FLG.AREA) -> 0.41853868 | L67: =+E67*K67*I67*2 -> 0 | M67: SH.MH | P67: B080 | Q67: B080 | R67: 0.08 | S67: 0.15 | T67: 0.191 | U67: =((PI()/4)*(T67^2)) -> 0.02865211 | V67: 5 | W67: 18
E68: =LOOKUP(H68,B.FLG,B.FLG.FRP) -> 30 | H68: B600 | I68: 0 | J68: =LOOKUP(H68,B.FLG,B.FLG.AREA)*(CEILING(D68/3,1))*I68 -> 0 | K68: =LOOKUP(H68,B.FLG,B.FLG.AREA) -> 0.41853868 | L68: =+E68*K68*I68 -> 0 | P68: B100 | Q68: B100 | R68: 0.1 | S68: 0.15 | T68: 0.229 | U68: =((PI()/4)*(T68^2)) -> 0.041187065 | V68: 5 | W68: 18
E69: =LOOKUP(H69,B.FLG,B.FLG.FRP) -> 30 | H69: B600 | I69: 0 | J69: =LOOKUP(H69,B.FLG,B.FLG.AREA)*(CEILING(D69/3,1))*I69 -> 0 | K69: =LOOKUP(H69,B.FLG,B.FLG.AREA) -> 0.41853868 | L69: =+E69*K69*I69 -> 0 | P69: B125 | Q69: B125 | R69: 0.125 | S69: 0.15 | T69: 0.254 | U69: =((PI()/4)*(T69^2)) -> 0.050670748 | V69: 5 | W69: 18
E70: =LOOKUP(H70,B.FLG,B.FLG.FRP) -> 20 | H70: B150 | I70: 0 | J70: =LOOKUP(H70,B.FLG,B.FLG.AREA)*(CEILING(D70/3,1))*I70 -> 0 | K70: =LOOKUP(H70,B.FLG,B.FLG.AREA) -> 0.061136178 | L70: =+E70*K70*I70 -> 0 | P70: B150 | Q70: B150 | R70: 0.15 | S70: 0.15 | T70: 0.279 | U70: =((PI()/4)*(T70^2)) -> 0.061136178 | V70: 5 | W70: 20
E71: =LOOKUP(H71,B.FLG,B.FLG.FRP) -> 20 | H71: B200 | I71: 0 | J71: =LOOKUP(H71,B.FLG,B.FLG.AREA)*(CEILING(D71/3,1))*I71 -> 0 | K71: =LOOKUP(H71,B.FLG,B.FLG.AREA) -> 0.08552986 | L71: =+E71*K71*I71 -> 0 | P71: B200 | Q71: B200 | R71: 0.2 | S71: 0.15 | T71: 0.33 | U71: =((PI()/4)*(T71^2)) -> 0.08552986 | V71: 5 | W71: 20
E72: =LOOKUP(H72,B.FLG,B.FLG.FRP) -> 22 | H72: B250 | I72: 0 | J72: =LOOKUP(H72,B.FLG,B.FLG.AREA)*(CEILING(D72/3,1))*I72 -> 0 | K72: =LOOKUP(H72,B.FLG,B.FLG.AREA) -> 0.11341149 | L72: =+E72*K72*I72 -> 0 | P72: B250 | Q72: B250 | R72: 0.25 | S72: 0.15 | T72: 0.38 | U72: =((PI()/4)*(T72^2)) -> 0.11341149 | V72: 5 | W72: 22
E73: =LOOKUP(H73,B.FLG,B.FLG.FRP) -> 22 | H73: B300 | I73: 0 | J73: =LOOKUP(H73,B.FLG,B.FLG.AREA)*(CEILING(D73/3,1))*I73 -> 0 | K73: =LOOKUP(H73,B.FLG,B.FLG.AREA) -> 0.14522012 | L73: =+E73*K73*I73 -> 0 | P73: B300 | Q73: B300 | R73: 0.3 | S73: 0.15 | T73: 0.43 | U73: =((PI()/4)*(T73^2)) -> 0.14522012 | V73: 5 | W73: 22
E74: =LOOKUP(H74,B.FLG,B.FLG.FRP) -> 25 | H74: B350 | I74: 0 | J74: =LOOKUP(H74,B.FLG,B.FLG.AREA)*(CEILING(D74/3,1))*I74 -> 0 | K74: =LOOKUP(H74,B.FLG,B.FLG.AREA) -> 0.18095574 | L74: =+E74*K74*I74 -> 0 | P74: B350 | Q74: B350 | R74: 0.35 | S74: 0.15 | T74: 0.48 | U74: =((PI()/4)*(T74^2)) -> 0.18095574 | V74: 5 | W74: 25
E75: =LOOKUP(H75,B.FLG,B.FLG.FRP) -> 25 | H75: B400 | I75: 0 | J75: =LOOKUP(H75,B.FLG,B.FLG.AREA)*(CEILING(D75/3,1))*I75 -> 0 | K75: =LOOKUP(H75,B.FLG,B.FLG.AREA) -> 0.22061834 | L75: =+E75*K75*I75 -> 0 | P75: B400 | Q75: B400 | R75: 0.4 | S75: 0.15 | T75: 0.53 | U75: =((PI()/4)*(T75^2)) -> 0.22061834 | V75: 5 | W75: 25
E76: =LOOKUP(H76,B.FLG,B.FLG.FRP) -> 25 | H76: B450 | I76: 0 | J76: =LOOKUP(H76,B.FLG,B.FLG.AREA)*(CEILING(D76/3,1))*I76 -> 0 | K76: =LOOKUP(H76,B.FLG,B.FLG.AREA) -> 0.26420794 | L76: =+E76*K76*I76 -> 0 | P76: B450 | Q76: B450 | R76: 0.45 | S76: 0.15 | T76: 0.58 | U76: =((PI()/4)*(T76^2)) -> 0.26420794 | V76: 5 | W76: 25
E77: =LOOKUP(H77,B.FLG,B.FLG.FRP) -> 28 | H77: B500 | I77: 0 | J77: =LOOKUP(H77,B.FLG,B.FLG.AREA)*(CEILING(D77/3,1))*I77 -> 0 | K77: =LOOKUP(H77,B.FLG,B.FLG.AREA) -> 0.31172453 | L77: =+E77*K77*I77 -> 0 | P77: B500 | Q77: B500 | R77: 0.5 | S77: 0.15 | T77: 0.63 | U77: =((PI()/4)*(T77^2)) -> 0.31172453 | V77: 5 | W77: 28
E78: =LOOKUP(H78,B.FLG,B.FLG.FRP) -> 30 | H78: B600 | I78: 0 | J78: =LOOKUP(H78,B.FLG,B.FLG.AREA)*(CEILING(D78/3,1))*I78 -> 0 | K78: =LOOKUP(H78,B.FLG,B.FLG.AREA) -> 0.41853868 | L78: =+E78*K78*I78 -> 0 | P78: B600 | Q78: B600 | R78: 0.6 | S78: 0.15 | T78: 0.73 | U78: =((PI()/4)*(T78^2)) -> 0.41853868 | V78: 5 | W78: 30
J80: =SUM(J40:J79)*1.35 -> 1.4362401 | M80: =SUM(M40:M79)*1.25 -> 18.6
J81: =J21 -> 0 | L81: =L21 -> BIS | M81: =L21 -> BIS | N81: =M21 -> BIS
C82: MOC BY PARAMOUNT & THK AS PER JRF | J82: =SUM(J23:J37) -> 11.374691 | L82: =SUM(L23:L37) -> 22.807963 | M82: =SUM(M23:M37) -> 92.48209 | N82: =SUM(N23:N37) -> 7.6026542
J83: Sq.M | L83: Sq.M-mm | M83: Sq.M-mm | N83: Sq.M-mm
B84: SR. NO | C84: Descreption | H84: Rate | J84: Cost
B85: 01 | C85: Cost of MM | D85: =J81 -> 0 | G85: =CEILING(J82*1.05,1) -> 12 | H85: ='RESIN RATE'!E12 -> 0 | I85: = | J85: =+G85*H85 -> 0 | N85: =+J81 -> 0
B86: 02 | C86: Cost of | D86: =L81 -> BIS | E86: INDIAN | G86: =CEILING(L82*1.1,1) -> 26 | H86: ='RESIN RATE'!D12 -> 565 | I86: = | J86: =+G86*H86 -> 14690 | N86: MFG
B87: 03 | C87: Cost of | D87: =M81 -> BIS | E87: INDIAN | G87: =CEILING(M82*1.1,1) -> 102 | H87: ='RESIN RATE'!D12 -> 565 | I87: = | J87: =+G87*H87 -> 57630 | N87: MFG
B88: 04 | C88: Cost of | D88: =N81 -> BIS | E88: INDIAN | G88: =CEILING(N82*1.1,1) -> 9 | H88: ='RESIN RATE'!D12 -> 565 | I88: = | J88: =+G88*H88 -> 5085 | N88: MFG
B89: 06 | C89: PP Welding Rod | G89: 0 | H89: =CEILING(G85*100,50) -> 1200 | I89: = | J89: =+G89*H89 -> 0 | N89: B/O
B90: 07 | C90: EXTERNAL PIPE_40 mm, 2250 mm L | G90: 0 | H90: =CEILING((PI()*0.05*2.25*5+PI()*0.05*0.16*5*2)*H86,50) -> 1150 | I90: = | J90: =+G90*H90 -> 0 | N90: B/O | Q90: GOOSE NECK
B91: 08 | C91: Nozzle | G91: 1 | H91: =CEILING((SUM(J40:J78)*H85+SUM(M40:M65)*H86)*1.15,500) -> 10000 | I91: = | J91: =+G91*H91 -> 10000 | N91: MFG
B92: 09 | C92: Nut-Bolt- SS 304 | G92: 1 | H92: =CEILING((120*1+3000*1)*1.2,100) -> 3800 | I92: = | J92: =+G92*H92 -> 3800 | N92: B/O
B93: 10 | C93: Gasket-_EPDM | G93: 1 | H93: =CEILING((75*0+300*1+3500*1)*1.1,100) -> 4200 | I93: = | J93: =+G93*H93 -> 4200 | N93: B/O
B94: 11 | C94: 10% Nut-Bolt (MIN 4 NOS) | G94: 0 | H94: =H92*0.9 -> 3420 | I94: = | J94: =+G94*H94 -> 0 | N94: B/O
B95: 12 | C95: 2 Set Gasket | G95: 0 | H95: =H93 -> 4200 | I95: = | J95: =+G95*H95 -> 0 | N95: B/O
C96: NEOPRENE RUBBER | G96: 1 | H96: =CEILING(PI()/4*(DIA^2)*12*2*80,50) -> 2200 | I96: = | J96: =+G96*H96 -> 2200 | N96: B/O
B97: 13 | C97: LEVEL INDICATOR-FLOAT & BOARD TYPE | G97: 0 | H97: 20000 | I97: = | J97: =+G97*H97 -> 0 | N97: B/O
B98: 14 | C98: Anchor Bolts | G98: 4 | H98: 500 | I98: = | J98: =+G98*H98 -> 2000 | N98: B/O
B99: 15 | C99: Holdown Lugs | G99: 3 | H99: =0.2*10*H86 -> 1130 | I99: = | J99: =+G99*H99 -> 3390 | K99: =J99/H86 -> 6 | N99: MFG
C100: Lifting Lugs | G100: 3 | H100: =CEILING(2.4*110+0.9*H86,10) -> 780 | I100: = | J100: =+G100*H100 -> 2340 | K100: =0.9*G100 -> 2.7 | N100: MS
B101: 16 | C101: MS LUG SUPPORT | G101: 0 | H101: =CEILING((PI()*DIA*0.1*5+((0.2*0.2*18*2+0.15*0.15*12*2)*4))*8*75*1.25,500) -> 7500 | I101: = | J101: =+G101*H101 -> 0 | N101: MS
B102: 17 | C102: Ladder & Railing | G102: =CEILING(PI()*DIA+HT,1) -> 5 | H102: 0 | I102: = | J102: =+G102*H102 -> 0 | K102: =+J102/250 -> 0 | N102: MS
B103: 18 | C103: Name Plate | G103: 1 | H103: 750 | I103: = | J103: =+G103*H103 -> 750 | N103: B/O
B104: 19 | C104: Mould | G104: 0 | H104: 1000 | I104: = | J104: =+G104*H104 -> 0 | N104: MOULD
B105: 20 | C105: Numbering Charges | G105: 1 | H105: 1500 | I105: = | J105: =+G105*H105 -> 1500 | N105: SER
...

Sheet 02 & 04_0.02 KL
C1: DATE | D1: ='01_1.35 KL'!D1 -> 44551 | E1: R1
C2: DATE | D2: ='01_1.35 KL'!D2 -> 44530 | E2: R0 | M2: ='01_1.35 KL'!M2:M4 -> R1 | N2: 02 & 04
C3: TYPE | D3: VERTICAL CYLINDRICAL WITH FLAT TOP WITH COVER AND FLAT BOTTOM
C4: CLIENT | D4: M/s PARAMOUNT
C5: CAPACITY | D5: =M11 -> 0.02120575 | E5: KL
C6: TITLE | D6: FUME ABSORBER FOR (SAC)
C10: DIAMETER | D10: =+J13/1000 -> 0.3 | F10: 21-FB-02 B
C11: HEIGHT | D11: =+I13/1000 -> 0.3 | M11: =(PI()/4)*(DIA^2)*HT -> 0.02120575
C12: CONE ANGLE | D12: 15 | I12: HEIGHT | J12: DIAMETER
C13: B. SHELL HT. | D13: =+HT/5 -> 0.06 | I13: 300 | J13: 300
C14: B.M. SHELL HT. | D14: =+HT/5 -> 0.06 | I14: (in mm) | J14: (in mm)
C15: M. SHELL HT. | D15: =+HT/5 -> 0.06
C16: T.M. SHELL HT. | D16: =+HT/5 -> 0.06
C17: T. SHELL HT. | D17: =+HT/5 -> 0.06
C18: D.E.D | D18: =+DIA*1.2+0.1 -> 0.46
D20: M.O.C- FRP (BISPHENOL)
D21: THK | H21: PART | I21: Qty | J21: =D22 -> 0 | K21: FRP AREA | L21: =E22 -> BIS | M21: =F22 -> BIS | N21: =G22 -> BIS
C22: THK | E22: BIS | F22: BIS | G22: BIS | J22: Sq.M | K22: Sq.M | L22: Sq.M-mm | M22: Sq.M-mm | N22: Sq.M-mm
C23: 6 | E23: 3 | F23: =C23-E23-G23 -> 2 | G23: 1 | H23: BOTTOM SHELL | I23: 1 | J23: =PI()*DIA*D13*I23 -> 0.056548668 | K23: =PI()*DIA*D13 -> 0.056548668 | L23: =K23*E23*I23 -> 0.169646 | M23: =K23*F23*I23 -> 0.11309734 | N23: =K23*G23*I23 -> 0.056548668
C24: 6 | E24: 3 | F24: =C24-E24-G24 -> 2 | G24: 1 | H24: BOTT MIDD SHELL | I24: 1 | J24: =PI()*DIA*B.M.S.H*I24 -> 0.056548668 | K24: =PI()*DIA*B.M.S.H -> 0.056548668 | L24: =K24*E24*I24 -> 0.169646 | M24: =K24*F24*I24 -> 0.11309734 | N24: =K24*G24*I24 -> 0.056548668
C25: 6 | E25: 3 | F25: =C25-E25-G25 -> 2 | G25: 1 | H25: MIDDLE SHELL | I25: 1 | J25: =PI()*DIA*M.S.H*I25 -> 0.056548668 | K25: =PI()*DIA*M.S.H -> 0.056548668 | L25: =K25*E25*I25 -> 0.169646 | M25: =K25*F25*I25 -> 0.11309734 | N25: =K25*G25*I25 -> 0.056548668
C26: 6 | E26: 3 | F26: =C26-E26-G26 -> 2 | G26: 1 | H26: TOP MIDD SHELL | I26: 1 | J26: =PI()*DIA*T.M.S.H*I26 -> 0.056548668 | K26: =PI()*DIA*T.M.S.H -> 0.056548668 | L26: =K26*E26*I26 -> 0.169646 | M26: =K26*F26*I26 -> 0.11309734 | N26: =K26*G26*I26 -> 0.056548668
C27: 6 | E27: 3 | F27: =C27-E27-G27 -> 2 | G27: 1 | H27: TOP SHELL | I27: 1 | J27: =PI()*DIA*T.S.H*I27 -> 0.056548668 | K27: =PI()*DIA*T.S.H -> 0.056548668 | L27: =K27*E27*I27 -> 0.169646 | M27: =K27*F27*I27 -> 0.11309734 | N27: =K27*G27*I27 -> 0.056548668
C28: 6 | E28: 0 | F28: 0 | G28: 0 | H28: CON TOP | I28: 1 | J28: =((DIA^2)/(COS(ANGLE*PI()/180)))*I28 -> 0.093174856 | K28: =PI()/4*((DIA^2)/(COS(ANGLE*PI()/180))) -> 0.073179361 | L28: =K28*E28*I28 -> 0 | M28: =K28*F28*I28 -> 0 | N28: =K28*G28*I28 -> 0
C29: 6 | E29: 3 | F29: =C29-E29-G29 -> 2 | G29: 1 | H29: FLAT BOTTM | I29: 1 | J29: =(DIA^2)*I29 -> 0.09 | K29: =(PI()/4)*(DIA^2) -> 0.070685835 | L29: =K29*E29*I29 -> 0.2120575 | M29: =K29*F29*I29 -> 0.14137167 | N29: =K29*G29*I29 -> 0.070685835
C30: 10 | E30: 3 | F30: =C30-E30-G30 -> 6 | G30: 1 | H30: BODY FLG | I30: 1 | J30: =((DIA+0.2)^2)*I30 -> 0.25 | K30: =((PI()/4)*((DIA+0.2)^2-DIA^2)) -> 0.12566371 | L30: =K30*E30*I30 -> 0.37699112 | M30: =K30*F30*I30 -> 0.75398224 | N30: =K30*G30*I30 -> 0.12566371
C31: 10 | E31: 3 | F31: =C31-E31-G31 -> 6 | G31: 1 | H31: TOP COVER | I31: 1 | J31: =((DIA+0.2)^2)*I31 -> 0.25 | K31: =((PI()/4)*((DIA+0.2)^2)) -> 0.19634954 | L31: =K31*E31*I31 -> 0.58904862 | M31: =K31*F31*I31 -> 1.1780972 | N31: =K31*G31*I31 -> 0.19634954
C32: =CEILING((C31+C23)*0.5,1) -> 8 | F32: =C32-E32-G32 -> 8 | H32: R/F - BOTTOM | I32: 1 | K32: =PI()*DIA*(2*2*SQRT(DIA*((C32)/1000/2))) -> 0.13059355 | M32: =K32*F32*I32 -> 1.0447484
C33: =CEILING((C31+C27)*0.5,1) -> 8 | F33: =C33-E33-G33 -> 8 | H33: R/F - TOP | I33: 1 | K33: =PI()*DIA*(2*2*SQRT(DIA*((C33)/1000/2))) -> 0.13059355 | M33: =K33*F33*I33 -> 1.0447484
C34: 0 | F34: =C34-E34-G34 -> 0 | H34: R/F -LUGS SUPPORT | I34: 1 | K34: =PI()*DIA*0.45 -> 0.42411501 | M34: =K34*F34*I34 -> 0
C35: 0 | F35: =C35-E35-G35 -> 0 | H35: STFFENER @TOP | I35: 0 | K35: =(DIA)/(COS(ANGLE*PI()/180))*((50+75+75+75+50)/1000) -> 0.10093943 | M35: =K35*F35*I35 -> 0
C36: 0 | F36: =C36-E36-G36 -> 0 | H36: SHEL STIFF | I36: 0 | K36: =PI()*DIA*0.4 -> 0.37699112 | M36: =K36*F36*I36 -> 0
V37: FLG. THICKNESS | X37: PIPE THICKNESS | Z37: FLG. AREA | AB37: PIPE AREA | AD37: TOTAL
Q38: NOZZLE | R38: PIPE SIZE | S38: PIPE LENGTH | T38: FLG. OD | U38: AREA | V38: PP | W38: FRP | X38: PP | Y38: FRP | Z38: PP | AA38: FRP | AB38: PP | AC38: FRP | AD38: PP (Sq.M) | AE38: FRP (Sq. M- mm)
P39: N001 | Q39: N001 | R39: 0 | S39: 0 | T39: 0 | U39: =((PI()/4)*(T39^2-R39^2))+(PI()*R39*S39) -> 0 | V39: 5 | W39: 12 | X39: 5 | Y39: 5 | Z39: =(T39^2)*CEILING(V39/4,1) -> 0 | AA39: =((PI()/4)*(T39^2-R39^2))*W39 -> 0 | AB39: =+(PI()*R39*S39)*CEILING(X39/3,1) -> 0 | AC39: =+(PI()*R39*S39)*Y39 -> 0 | AD39: =+Z39+AB39 -> 0 | AE39: =+AA39+AC39 -> 0
H40: N025 | I40: 0 | J40: =LOOKUP(H40,NOZZLE1,PP_AREA)*I40 -> 0 | L40: 1.19 | M40: =L40*I40 -> 0 | P40: N015 | Q40: N015 | R40: 0.015 | S40: 0.15 | T40: 0.089 | U40: =((PI()/4)*(T40^2-R40^2))+(PI()*R40*S40) -> 0.013113008 | V40: 5 | W40: 12 | X40: 5 | Y40: 5 | Z40: =(T40^2)*CEILING(V40/4,1) -> 0.015842 | AA40: =((PI()/4)*(T40^2-R40^2))*W40 -> 0.072533091 | AB40: =+(PI()*R40*S40)*CEILING(X40/3,1) -> 0.014137167 | AC40: =+(PI()*R40*S40)*Y40 -> 0.035342917 | AD40: =+Z40+AB40 -> 0.029979167 | AE40: =+AA40+AC40 -> 0.10787601
H41: N040 | I41: 3 | J41: =LOOKUP(H41,NOZZLE1,PP_AREA)*I41 -> 0.20987134 | L41: 1.39 | M41: =L41*I41 -> 4.17 | P41: N020 | Q41: N020 | R41: 0.02 | S41: 0.15 | T41: 0.098 | U41: =((PI()/4)*(T41^2-R41^2))+(PI()*R41*S41) -> 0.016653583 | V41: 5 | W41: 12 | X41: 5 | Y41: 5 | Z41: =(T41^2)*CEILING(V41/4,1) -> 0.019208 | AA41: =((PI()/4)*(T41^2-R41^2))*W41 -> 0.086745656 | AB41: =+(PI()*R41*S41)*CEILING(X41/3,1) -> 0.018849556 | AC41: =+(PI()*R41*S41)*Y41 -> 0.04712389 | AD41: =+Z41+AB41 -> 0.038057556 | AE41: =+AA41+AC41 -> 0.13386955
H42: N200 | I42: 0 | J42: =LOOKUP(H42,NOZZLE1,PP_AREA)*I42 -> 0 | L42: 3.44 | M42: =L42*I42 -> 0 | P42: N025 | Q42: N025 | R42: 0.025 | S42: 0.15 | T42: 0.108 | U42: =((PI()/4)*(T42^2-R42^2))+(PI()*R42*S42) -> 0.020450983 | V42: 5 | W42: 12 | X42: 5 | Y42: 5 | Z42: =(T42^2)*CEILING(V42/4,1) -> 0.023328 | AA42: =((PI()/4)*(T42^2-R42^2))*W42 -> 0.10404012 | AB42: =+(PI()*R42*S42)*CEILING(X42/3,1) -> 0.023561945 | AC42: =+(PI()*R42*S42)*Y42 -> 0.058904862 | AD42: =+Z42+AB42 -> 0.046889945 | AE42: =+AA42+AC42 -> 0.16294499
H43: N100 | I43: 0 | J43: =LOOKUP(H43,NOZZLE1,PP_AREA)*I43 -> 0 | L43: 1.55 | M43: =L43*I43 -> 0 | P43: N040 | Q43: N040 | R43: 0.04 | S43: 0.15 | T43: 0.127 | U43: =((PI()/4)*(T43^2-R43^2))+(PI()*R43*S43) -> 0.030260606 | V43: 5 | W43: 15 | X43: 5 | Y43: 6 | Z43: =(T43^2)*CEILING(V43/4,1) -> 0.032258 | AA43: =((PI()/4)*(T43^2-R43^2))*W43 -> 0.17116575 | AB43: =+(PI()*R43*S43)*CEILING(X43/3,1) -> 0.037699112 | AC43: =+(PI()*R43*S43)*Y43 -> 0.11309734 | AD43: =+Z43+AB43 -> 0.069957112 | AE43: =+AA43+AC43 -> 0.28426308
H44: N450 | I44: 0 | J44: =LOOKUP(H44,NOZZLE1,PP_AREA)*I44 -> 0 | L44: 7.34 | M44: =L44*I44 -> 0 | P44: N050 | Q44: N050 | R44: 0.05 | S44: 0.15 | T44: 0.152 | U44: =((PI()/4)*(T44^2-R44^2))+(PI()*R44*S44) -> 0.039744289 | V44: 5 | W44: 15 | X44: 5 | Y44: 6 | Z44: =(T44^2)*CEILING(V44/4,1) -> 0.046208 | AA44: =((PI()/4)*(T44^2-R44^2))*W44 -> 0.24273516 | AB44: =+(PI()*R44*S44)*CEILING(X44/3,1) -> 0.04712389 | AC44: =+(PI()*R44*S44)*Y44 -> 0.14137167 | AD44: =+Z44+AB44 -> 0.09333189 | AE44: =+AA44+AC44 -> 0.38410683
H45: N500 | I45: 0 | J45: =LOOKUP(H45,NOZZLE1,PP_AREA)*I45 -> 0 | M45: SH.MH | P45: N065 | Q45: N065 | R45: 0.065 | S45: 0.15 | T45: 0.178 | U45: =((PI()/4)*(T45^2-R45^2))+(PI()*R45*S45) -> 0.052196777 | V45: 5 | W45: 18 | X45: 5 | Y45: 6 | Z45: =(T45^2)*CEILING(V45/4,1) -> 0.063368 | AA45: =((PI()/4)*(T45^2-R45^2))*W45 -> 0.38819247 | AB45: =+(PI()*R45*S45)*CEILING(X45/3,1) -> 0.061261057 | AC45: =+(PI()*R45*S45)*Y45 -> 0.18378317 | AD45: =+Z45+AB45 -> 0.12462906 | AE45: =+AA45+AC45 -> 0.57197564
H46: N600 | I46: 0 | J46: =LOOKUP(H46,NOZZLE1,PP_AREA)*I46 -> 0 | P46: N080 | Q46: N080 | R46: 0.08 | S46: 0.15 | T46: 0.191 | U46: =((PI()/4)*(T46^2-R46^2))+(PI()*R46*S46) -> 0.061324674 | V46: 5 | W46: 18 | X46: 5 | Y46: 7 | Z46: =(T46^2)*CEILING(V46/4,1) -> 0.072962 | AA46: =((PI()/4)*(T46^2-R46^2))*W46 -> 0.42526012 | AB46: =+(PI()*R46*S46)*CEILING(X46/3,1) -> 0.075398224 | AC46: =+(PI()*R46*S46)*Y46 -> 0.26389378 | AD46: =+Z46+AB46 -> 0.14836022 | AE46: =+AA46+AC46 -> 0.6891539
H47: N600 | I47: 0 | J47: =LOOKUP(H47,NOZZLE1,PP_AREA)*I47 -> 0 | P47: N100 | Q47: N100 | R47: 0.1 | S47: 0.15 | T47: 0.229 | U47: =((PI()/4)*(T47^2-R47^2))+(PI()*R47*S47) -> 0.080456973 | V47: 5 | W47: 20 | X47: 5 | Y47: 7 | Z47: =(T47^2)*CEILING(V47/4,1) -> 0.104882 | AA47: =((PI()/4)*(T47^2-R47^2))*W47 -> 0.66666167 | AB47: =+(PI()*R47*S47)*CEILING(X47/3,1) -> 0.09424778 | AC47: =+(PI()*R47*S47)*Y47 -> 0.32986723 | AD47: =+Z47+AB47 -> 0.19912978 | AE47: =+AA47+AC47 -> 0.9965289
H48: N400 | I48: 0 | J48: =LOOKUP(H48,NOZZLE1,PP_AREA)*I48 -> 0 | P48: N125 | Q48: N125 | R48: 0.125 | S48: 0.15 | T48: 0.254 | U48: =((PI()/4)*(T48^2-R48^2))+(PI()*R48*S48) -> 0.097303764 | V48: 5 | W48: 20 | X48: 5 | Y48: 7 | Z48: =(T48^2)*CEILING(V48/4,1) -> 0.129032 | AA48: =((PI()/4)*(T48^2-R48^2))*W48 -> 0.76797803 | AB48: =+(PI()*R48*S48)*CEILING(X48/3,1) -> 0.11780972 | AC48: =+(PI()*R48*S48)*Y48 -> 0.41233404 | AD48: =+Z48+AB48 -> 0.24684172 | AE48: =+AA48+AC48 -> 1.1803121
H49: N600 | I49: 0 | J49: =LOOKUP(H49,NOZZLE1,PP_AREA)*I49 -> 0 | P49: N150 | Q49: N150 | R49: 0.15 | S49: 0.15 | T49: 0.279 | U49: =((PI()/4)*(T49^2-R49^2))+(PI()*R49*S49) -> 0.11415055 | V49: 5 | W49: 20 | X49: 5 | Y49: 8 | Z49: =(T49^2)*CEILING(V49/4,1) -> 0.155682 | AA49: =((PI()/4)*(T49^2-R49^2))*W49 -> 0.8692944 | AB49: =+(PI()*R49*S49)*CEILING(X49/3,1) -> 0.14137167 | AC49: =+(PI()*R49*S49)*Y49 -> 0.56548668 | AD49: =+Z49+AB49 -> 0.29705367 | AE49: =+AA49+AC49 -> 1.4347811
H50: N600 | I50: 0 | J50: =LOOKUP(H50,NOZZLE1,PP_AREA)*I50 -> 0 | P50: N200 | Q50: N200 | R50: 0.2 | S50: 0.15 | T50: 0.33 | U50: =((PI()/4)*(T50^2-R50^2))+(PI()*R50*S50) -> 0.14836171 | V50: 5 | W50: 22 | X50: 5 | Y50: 8 | Z50: =(T50^2)*CEILING(V50/4,1) -> 0.2178 | AA50: =((PI()/4)*(T50^2-R50^2))*W50 -> 1.1905065 | AB50: =+(PI()*R50*S50)*CEILING(X50/3,1) -> 0.18849556 | AC50: =+(PI()*R50*S50)*Y50 -> 0.75398224 | AD50: =+Z50+AB50 -> 0.40629556 | AE50: =+AA50+AC50 -> 1.9444888
H51: N250 | I51: 0 | J51: =LOOKUP(H51,NOZZLE1,PP_AREA)*I51 -> 0 | P51: N250 | Q51: N250 | R51: 0.25 | S51: 0.15 | T51: 0.38 | U51: =((PI()/4)*(T51^2-R51^2))+(PI()*R51*S51) -> 0.18213383 | V51: 5 | W51: 22 | X51: 5 | Y51: 8 | Z51: =(T51^2)*CEILING(V51/4,1) -> 0.2888 | AA51: =((PI()/4)*(T51^2-R51^2))*W51 -> 1.4151304 | AB51: =+(PI()*R51*S51)*CEILING(X51/3,1) -> 0.23561945 | AC51: =+(PI()*R51*S51)*Y51 -> 0.9424778 | AD51: =+Z51+AB51 -> 0.52441945 | AE51: =+AA51+AC51 -> 2.3576082
H52: N300 | I52: 0 | J52: =LOOKUP(H52,NOZZLE1,PP_AREA)*I52 -> 0 | P52: N300 | Q52: N300 | R52: 0.3 | S52: 0.15 | T52: 0.43 | U52: =((PI()/4)*(T52^2-R52^2))+(PI()*R52*S52) -> 0.21590596 | V52: 5 | W52: 25 | X52: 5 | Y52: 8 | Z52: =(T52^2)*CEILING(V52/4,1) -> 0.3698 | AA52: =((PI()/4)*(T52^2-R52^2))*W52 -> 1.8633571 | AB52: =+(PI()*R52*S52)*CEILING(X52/3,1) -> 0.28274334 | AC52: =+(PI()*R52*S52)*Y52 -> 1.1309734 | AD52: =+Z52+AB52 -> 0.65254334 | AE52: =+AA52+AC52 -> 2.9943305
H53: N350 | I53: 0 | J53: =LOOKUP(H53,NOZZLE1,PP_AREA)*I53 -> 0 | P53: N350 | Q53: N350 | R53: 0.35 | S53: 0.15 | T53: 0.48 | U53: =((PI()/4)*(T53^2-R53^2))+(PI()*R53*S53) -> 0.24967808 | V53: 5 | W53: 25 | X53: 5 | Y53: 9 | Z53: =(T53^2)*CEILING(V53/4,1) -> 0.4608 | AA53: =((PI()/4)*(T53^2-R53^2))*W53 -> 2.1186115 | AB53: =+(PI()*R53*S53)*CEILING(X53/3,1) -> 0.32986723 | AC53: =+(PI()*R53*S53)*Y53 -> 1.4844025 | AD53: =+Z53+AB53 -> 0.79066723 | AE53: =+AA53+AC53 -> 3.6030141
H54: N400 | I54: 0 | J54: =LOOKUP(H54,NOZZLE1,PP_AREA)*I54 -> 0 | P54: N400 | Q54: N400 | R54: 0.4 | S54: 0.15 | T54: 0.53 | U54: =((PI()/4)*(T54^2-R54^2))+(PI()*R54*S54) -> 0.2834502 | V54: 5 | W54: 25 | X54: 5 | Y54: 9 | Z54: =(T54^2)*CEILING(V54/4,1) -> 0.5618 | AA54: =((PI()/4)*(T54^2-R54^2))*W54 -> 2.3738659 | AB54: =+(PI()*R54*S54)*CEILING(X54/3,1) -> 0.37699112 | AC54: =+(PI()*R54*S54)*Y54 -> 1.69646 | AD54: =+Z54+AB54 -> 0.93879112 | AE54: =+AA54+AC54 -> 4.070326
H55: N450 | I55: 0 | J55: =LOOKUP(H55,NOZZLE1,PP_AREA)*I55 -> 0 | P55: N450 | Q55: N450 | R55: 0.45 | S55: 0.15 | T55: 0.58 | U55: =((PI()/4)*(T55^2-R55^2))+(PI()*R55*S55) -> 0.31722232 | V55: 5 | W55: 25 | X55: 5 | Y55: 9 | Z55: =(T55^2)*CEILING(V55/4,1) -> 0.6728 | AA55: =((PI()/4)*(T55^2-R55^2))*W55 -> 2.6291204 | AB55: =+(PI()*R55*S55)*CEILING(X55/3,1) -> 0.42411501 | AC55: =+(PI()*R55*S55)*Y55 -> 1.9085175 | AD55: =+Z55+AB55 -> 1.096915 | AE55: =+AA55+AC55 -> 4.5376379
H56: N500 | I56: 0 | J56: =LOOKUP(H56,NOZZLE1,PP_AREA)*I56 -> 0 | P56: N500 | Q56: N500 | R56: 0.5 | S56: 0.15 | T56: 0.63 | U56: =((PI()/4)*(T56^2-R56^2))+(PI()*R56*S56) -> 0.35099444 | V56: 5 | W56: 28 | X56: 5 | Y56: 10 | Z56: =(T56^2)*CEILING(V56/4,1) -> 0.7938 | AA56: =((PI()/4)*(T56^2-R56^2))*W56 -> 3.2304997 | AB56: =+(PI()*R56*S56)*CEILING(X56/3,1) -> 0.4712389 | AC56: =+(PI()*R56*S56)*Y56 -> 2.3561945 | AD56: =+Z56+AB56 -> 1.2650389 | AE56: =+AA56+AC56 -> 5.5866942
H57: N600 | I57: 0 | J57: =LOOKUP(H57,NOZZLE1,PP_AREA)*I57 -> 0 | P57: N600 | Q57: N600 | R57: 0.6 | S57: 0.15 | T57: 0.73 | U57: =((PI()/4)*(T57^2-R57^2))+(PI()*R57*S57) -> 0.41853868 | V57: 5 | W57: 30 | X57: 5 | Y57: 11 | Z57: =(T57^2)*CEILING(V57/4,1) -> 1.0658 | AA57: =((PI()/4)*(T57^2-R57^2))*W57 -> 4.0738603 | AB57: =+(PI()*R57*S57)*CEILING(X57/3,1) -> 0.56548668 | AC57: =+(PI()*R57*S57)*Y57 -> 3.1101767 | AD57: =+Z57+AB57 -> 1.6312867 | AE57: =+AA57+AC57 -> 7.184037
V58: THICKNESS
Q59: B.FLANGE | R59: PIPE SIZE | S59: PIPE LENGTH | T59: FLG. OD | U59: AREA | V59: PP | W59: FRP
P60: B001 | Q60: B001 | R60: 0 | S60: 0 | T60: 0 | U60: =((PI()/4)*(T60^2)) -> 0 | V60: 5 | W60: 12
E61: =LOOKUP(H61,B.FLG,B.FLG.FRP) -> 15 | H61: B040 | I61: 0 | J61: =LOOKUP(H61,B.FLG,B.FLG.AREA)*(CEILING(D61/3,1))*I61 -> 0 | K61: =LOOKUP(H61,B.FLG,B.FLG.AREA) -> 0.012667687 | L61: 0.22 | M61: =L61*I61 -> 0 | P61: B015 | Q61: B015 | R61: 0.015 | S61: 0.15 | T61: 0.089 | U61: =((PI()/4)*(T61^2)) -> 0.0062211389 | V61: 5 | W61: 12
E62: =LOOKUP(H62,B.FLG,B.FLG.FRP) -> 20 | H62: B200 | I62: 0 | J62: =LOOKUP(H62,B.FLG,B.FLG.AREA)*(CEILING(D62/3,1))*I62 -> 0 | K62: =LOOKUP(H62,B.FLG,B.FLG.AREA) -> 0.08552986 | L62: 1.63 | M62: =L62*I62 -> 0 | P62: B020 | Q62: B020 | R62: 0.02 | S62: 0.15 | T62: 0.098 | U62: =((PI()/4)*(T62^2)) -> 0.007542964 | V62: 5 | W62: 12
E63: =LOOKUP(H63,B.FLG,B.FLG.FRP) -> 18 | H63: B080 | I63: 0 | J63: =LOOKUP(H63,B.FLG,B.FLG.AREA)*(CEILING(D63/3,1))*I63 -> 0 | K63: =LOOKUP(H63,B.FLG,B.FLG.AREA) -> 0.02865211 | L63: 0.38 | M63: =L63*I63 -> 0 | P63: B025 | Q63: B025 | R63: 0.025 | S63: 0.15 | T63: 0.108 | U63: =((PI()/4)*(T63^2)) -> 0.0091608842 | V63: 5 | W63: 12
E64: =LOOKUP(H64,B.FLG,B.FLG.FRP) -> 18 | H64: B100 | I64: 0 | J64: =LOOKUP(H64,B.FLG,B.FLG.AREA)*(CEILING(D64/3,1))*I64 -> 0 | K64: =LOOKUP(H64,B.FLG,B.FLG.AREA) -> 0.041187065 | L64: 0.46 | M64: =L64*I64 -> 0 | P64: B040 | Q64: B040 | R64: 0.04 | S64: 0.15 | T64: 0.127 | U64: =((PI()/4)*(T64^2)) -> 0.012667687 | V64: 5 | W64: 15
E65: =LOOKUP(H65,B.FLG,B.FLG.FRP) -> 25 | H65: B450 | I65: 0 | J65: =LOOKUP(H65,B.FLG,B.FLG.AREA)*(CEILING(D65/3,1))*I65 -> 0 | K65: =LOOKUP(H65,B.FLG,B.FLG.AREA)*1.5 -> 0.39631191 | L65: 4.46 | M65: =L65*I65 -> 0 | P65: B050 | Q65: B050 | R65: 0.05 | S65: 0.15 | T65: 0.152 | U65: =((PI()/4)*(T65^2)) -> 0.018145839 | V65: 5 | W65: 15
E66: =LOOKUP(H66,B.FLG,B.FLG.FRP) -> 30 | H66: B600 | I66: 0 | J66: =LOOKUP(H66,B.FLG,B.FLG.AREA)*(CEILING(D66/3,1))*I66 -> 0 | K66: =LOOKUP(H66,B.FLG,B.FLG.AREA) -> 0.41853868 | L66: =+E66*K66*I66 -> 0 | P66: B065 | Q66: B065 | R66: 0.065 | S66: 0.15 | T66: 0.178 | U66: =((PI()/4)*(T66^2)) -> 0.024884555 | V66: 5 | W66: 15
E67: =LOOKUP(H67,B.FLG,B.FLG.FRP) -> 30 | H67: B600 | I67: 0 | J67: =LOOKUP(H67,B.FLG,B.FLG.AREA)*(CEILING(D67/3,1))*I67 -> 0 | K67: =LOOKUP(H67,B.FLG,B.FLG.AREA) -> 0.41853868 | L67: =+E67*K67*I67*2 -> 0 | M67: SH.MH | P67: B080 | Q67: B080 | R67: 0.08 | S67: 0.15 | T67: 0.191 | U67: =((PI()/4)*(T67^2)) -> 0.02865211 | V67: 5 | W67: 18
E68: =LOOKUP(H68,B.FLG,B.FLG.FRP) -> 30 | H68: B600 | I68: 0 | J68: =LOOKUP(H68,B.FLG,B.FLG.AREA)*(CEILING(D68/3,1))*I68 -> 0 | K68: =LOOKUP(H68,B.FLG,B.FLG.AREA) -> 0.41853868 | L68: =+E68*K68*I68 -> 0 | P68: B100 | Q68: B100 | R68: 0.1 | S68: 0.15 | T68: 0.229 | U68: =((PI()/4)*(T68^2)) -> 0.041187065 | V68: 5 | W68: 18
E69: =LOOKUP(H69,B.FLG,B.FLG.FRP) -> 30 | H69: B600 | I69: 0 | J69: =LOOKUP(H69,B.FLG,B.FLG.AREA)*(CEILING(D69/3,1))*I69 -> 0 | K69: =LOOKUP(H69,B.FLG,B.FLG.AREA) -> 0.41853868 | L69: =+E69*K69*I69 -> 0 | P69: B125 | Q69: B125 | R69: 0.125 | S69: 0.15 | T69: 0.254 | U69: =((PI()/4)*(T69^2)) -> 0.050670748 | V69: 5 | W69: 18
E70: =LOOKUP(H70,B.FLG,B.FLG.FRP) -> 20 | H70: B150 | I70: 0 | J70: =LOOKUP(H70,B.FLG,B.FLG.AREA)*(CEILING(D70/3,1))*I70 -> 0 | K70: =LOOKUP(H70,B.FLG,B.FLG.AREA) -> 0.061136178 | L70: =+E70*K70*I70 -> 0 | P70: B150 | Q70: B150 | R70: 0.15 | S70: 0.15 | T70: 0.279 | U70: =((PI()/4)*(T70^2)) -> 0.061136178 | V70: 5 | W70: 20
E71: =LOOKUP(H71,B.FLG,B.FLG.FRP) -> 20 | H71: B200 | I71: 0 | J71: =LOOKUP(H71,B.FLG,B.FLG.AREA)*(CEILING(D71/3,1))*I71 -> 0 | K71: =LOOKUP(H71,B.FLG,B.FLG.AREA) -> 0.08552986 | L71: =+E71*K71*I71 -> 0 | P71: B200 | Q71: B200 | R71: 0.2 | S71: 0.15 | T71: 0.33 | U71: =((PI()/4)*(T71^2)) -> 0.08552986 | V71: 5 | W71: 20
E72: =LOOKUP(H72,B.FLG,B.FLG.FRP) -> 22 | H72: B250 | I72: 0 | J72: =LOOKUP(H72,B.FLG,B.FLG.AREA)*(CEILING(D72/3,1))*I72 -> 0 | K72: =LOOKUP(H72,B.FLG,B.FLG.AREA) -> 0.11341149 | L72: =+E72*K72*I72 -> 0 | P72: B250 | Q72: B250 | R72: 0.25 | S72: 0.15 | T72: 0.38 | U72: =((PI()/4)*(T72^2)) -> 0.11341149 | V72: 5 | W72: 22
E73: =LOOKUP(H73,B.FLG,B.FLG.FRP) -> 22 | H73: B300 | I73: 0 | J73: =LOOKUP(H73,B.FLG,B.FLG.AREA)*(CEILING(D73/3,1))*I73 -> 0 | K73: =LOOKUP(H73,B.FLG,B.FLG.AREA) -> 0.14522012 | L73: =+E73*K73*I73 -> 0 | P73: B300 | Q73: B300 | R73: 0.3 | S73: 0.15 | T73: 0.43 | U73: =((PI()/4)*(T73^2)) -> 0.14522012 | V73: 5 | W73: 22
E74: =LOOKUP(H74,B.FLG,B.FLG.FRP) -> 25 | H74: B350 | I74: 0 | J74: =LOOKUP(H74,B.FLG,B.FLG.AREA)*(CEILING(D74/3,1))*I74 -> 0 | K74: =LOOKUP(H74,B.FLG,B.FLG.AREA) -> 0.18095574 | L74: =+E74*K74*I74 -> 0 | P74: B350 | Q74: B350 | R74: 0.35 | S74: 0.15 | T74: 0.48 | U74: =((PI()/4)*(T74^2)) -> 0.18095574 | V74: 5 | W74: 25
E75: =LOOKUP(H75,B.FLG,B.FLG.FRP) -> 25 | H75: B400 | I75: 0 | J75: =LOOKUP(H75,B.FLG,B.FLG.AREA)*(CEILING(D75/3,1))*I75 -> 0 | K75: =LOOKUP(H75,B.FLG,B.FLG.AREA) -> 0.22061834 | L75: =+E75*K75*I75 -> 0 | P75: B400 | Q75: B400 | R75: 0.4 | S75: 0.15 | T75: 0.53 | U75: =((PI()/4)*(T75^2)) -> 0.22061834 | V75: 5 | W75: 25
E76: =LOOKUP(H76,B.FLG,B.FLG.FRP) -> 25 | H76: B450 | I76: 0 | J76: =LOOKUP(H76,B.FLG,B.FLG.AREA)*(CEILING(D76/3,1))*I76 -> 0 | K76: =LOOKUP(H76,B.FLG,B.FLG.AREA) -> 0.26420794 | L76: =+E76*K76*I76 -> 0 | P76: B450 | Q76: B450 | R76: 0.45 | S76: 0.15 | T76: 0.58 | U76: =((PI()/4)*(T76^2)) -> 0.26420794 | V76: 5 | W76: 25
E77: =LOOKUP(H77,B.FLG,B.FLG.FRP) -> 28 | H77: B500 | I77: 0 | J77: =LOOKUP(H77,B.FLG,B.FLG.AREA)*(CEILING(D77/3,1))*I77 -> 0 | K77: =LOOKUP(H77,B.FLG,B.FLG.AREA) -> 0.31172453 | L77: =+E77*K77*I77 -> 0 | P77: B500 | Q77: B500 | R77: 0.5 | S77: 0.15 | T77: 0.63 | U77: =((PI()/4)*(T77^2)) -> 0.31172453 | V77: 5 | W77: 28
E78: =LOOKUP(H78,B.FLG,B.FLG.FRP) -> 30 | H78: B600 | I78: 0 | J78: =LOOKUP(H78,B.FLG,B.FLG.AREA)*(CEILING(D78/3,1))*I78 -> 0 | K78: =LOOKUP(H78,B.FLG,B.FLG.AREA) -> 0.41853868 | L78: =+E78*K78*I78 -> 0 | P78: B600 | Q78: B600 | R78: 0.6 | S78: 0.15 | T78: 0.73 | U78: =((PI()/4)*(T78^2)) -> 0.41853868 | V78: 5 | W78: 30
J80: =SUM(J40:J79)*1.35 -> 0.2833263 | M80: =SUM(M40:M79)*1.25 -> 5.2125
J81: =J21 -> 0 | L81: =L21 -> BIS | M81: =L21 -> BIS | N81: =M21 -> BIS
C82: ='01_1.35 KL'!C82 -> MOC BY PARAMOUNT & THK AS PER JRF | J82: =SUM(J23:J37) -> 0.9659182 | L82: =SUM(L23:L37) -> 2.0263273 | M82: =SUM(M23:M37) -> 4.7284347 | N82: =SUM(N23:N37) -> 0.67544242
J83: Sq.M | L83: Sq.M-mm | M83: Sq.M-mm | N83: Sq.M-mm
B84: SR. NO | C84: Descreption | H84: Rate | J84: Cost
B85: 01 | C85: Cost of MM | D85: =J81 -> 0 | G85: =CEILING(J82*1.05,1) -> 2 | H85: 0 | I85: = | J85: =+G85*H85 -> 0 | N85: =+J81 -> 0
B86: 02 | C86: Cost of | D86: =L81 -> BIS | E86: INDIAN | G86: =CEILING(L82*1.1,1) -> 3 | H86: ='RESIN RATE'!D12 -> 565 | I86: = | J86: =+G86*H86 -> 1695 | N86: MFG
B87: 03 | C87: Cost of | D87: =M81 -> BIS | E87: INDIAN | G87: =CEILING(M82*1.1,1) -> 6 | H87: ='RESIN RATE'!D12 -> 565 | I87: = | J87: =+G87*H87 -> 3390 | N87: MFG
B88: 04 | C88: Cost of | D88: =N81 -> BIS | E88: INDIAN | G88: =CEILING(N82*1.1,1) -> 1 | H88: ='RESIN RATE'!D12 -> 565 | I88: = | J88: =+G88*H88 -> 565 | N88: MFG
B89: 06 | C89: PP Welding Rod | G89: 0 | H89: =CEILING(G85*100,50) -> 200 | I89: = | J89: =+G89*H89 -> 0 | N89: B/O
B90: 07 | C90: Internal Nozzle N2 with addn. Labour | G90: 1 | H90: =CEILING((3.14*0.05*0.05*6+0.785*0.1*0.1*10)*H86,50)+1500 -> 1600 | I90: = | J90: =+G90*H90 -> 1600 | K90: =(3.14*0.05*0.05*6+0.785*0.1*0.1*10) -> 0.1256 | N90: B/O | Q90: GOOSE NECK
B91: 08 | C91: Nozzle | G91: 1 | H91: =CEILING((SUM(J40:J78)*H85+SUM(M40:M65)*H86)*1.15,500) -> 3000 | I91: = | J91: =+G91*H91 -> 3000 | N91: MFG
B92: 09 | C92: Nut-Bolt- SS 304 | G92: 1 | H92: =CEILING((100*0+950*1)*1.2,100) -> 1200 | I92: = | J92: =+G92*H92 -> 1200 | N92: B/O
B93: 10 | C93: Gasket-_EPDM | G93: 1 | H93: =CEILING((75*0+300*0+1250*1)*1.1,100) -> 1400 | I93: = | J93: =+G93*H93 -> 1400 | N93: B/O
B94: 11 | C94: 10% Nut-Bolt (MIN 4 NOS) | G94: 0 | H94: =H92*0.9 -> 1080 | I94: = | J94: =+G94*H94 -> 0 | N94: B/O
B95: 12 | C95: 2 Set Gasket | G95: 0 | H95: =H93 -> 1400 | I95: = | J95: =+G95*H95 -> 0 | N95: B/O
C96: NEOPRENE RUBBER | G96: 1 | H96: =CEILING(PI()/4*(DIA^2)*12*2*80,50) -> 150 | I96: = | J96: =+G96*H96 -> 150 | N96: B/O
B97: 13 | C97: LEVEL INDICATOR-FLOAT & BOARD TYPE | G97: 0 | H97: 20000 | I97: = | J97: =+G97*H97 -> 0 | N97: B/O
B98: 14 | C98: Anchor Bolts | G98: 4 | H98: 500 | I98: = | J98: =+G98*H98 -> 2000 | N98: B/O
B99: 15 | C99: Bottom supports | G99: 1 | H99: =CEILING((3.14*0.05*0.3*10+0.05*0.1*10*4+0.05*0.05*10*4+0.15*0.15*15)*H86,50) -> 650 | I99: = | J99: =+G99*H99 -> 650 | K99: =J99/H86 -> 1.1504425 | N99: MFG
C100: Lifting Lugs | G100: 2 | H100: =CEILING(2.4*110+0.9*H86,10) -> 780 | I100: = | J100: =+G100*H100 -> 1560 | K100: =0.9*G100 -> 1.8 | N100: MS
B101: 16 | C101: MS LUG SUPPORT | G101: 0 | H101: =CEILING((PI()*DIA*0.1*5+((0.2*0.2*18*2+0.15*0.15*12*2)*4))*8*75*1.25,500) -> 6500 | I101: = | J101: =+G101*H101 -> 0 | N101: MS
B102: 17 | C102: Ladder & Railing | G102: =CEILING(PI()*DIA+HT,1) -> 2 | H102: 0 | I102: = | J102: =+G102*H102 -> 0 | K102: =+J102/250 -> 0 | N102: MS
B103: 18 | C103: Name Plate | G103: 1 | H103: 750 | I103: = | J103: =+G103*H103 -> 750 | N103: B/O
B104: 19 | C104: Mould | G104: 1 | H104: 750 | I104: = | J104: =+G104*H104 -> 750 | N104: MOULD
B105: 20 | C105: Numbering Charges | G105: 1 | H105: 1500 | I105: = | J105: =+G105*H105 -> 1500 | N105: SER
...

Sheet 03_0.330 KL
C1: DATE | D1: ='01_1.35 KL'!D1 -> 44551 | E1: R1
C2: DATE | D2: ='01_1.35 KL'!D2 -> 44530 | E2: R0 | M2: ='01_1.35 KL'!M2:M4 -> R1 | N2: 03 & 06
C3: TYPE | D3: VERTICAL CYLINDRICAL WITH FLAT TOP WITH COVER AND FLAT BOTTOM
C4: CLIENT | D4: M/s PARAMOUNT
C5: CAPACITY | D5: =M11 -> 0.33929201 | E5: KL
C6: TITLE | D6: ACID MEASURING TANK (MB)
C10: DIAMETER | D10: =+J13/1000 -> 0.6 | F10: 21-T-006 A/B
C11: HEIGHT | D11: =+I13/1000 -> 1.2 | M11: =(PI()/4)*(DIA^2)*HT -> 0.33929201
C12: CONE ANGLE | D12: 15 | I12: HEIGHT | J12: DIAMETER
C13: B. SHELL HT. | D13: =+HT/5 -> 0.24 | I13: 1200 | J13: 600
C14: B.M. SHELL HT. | D14: =+HT/5 -> 0.24 | I14: (in mm) | J14: (in mm)
C15: M. SHELL HT. | D15: =+HT/5 -> 0.24
C16: T.M. SHELL HT. | D16: =+HT/5 -> 0.24
C17: T. SHELL HT. | D17: =+HT/5 -> 0.24
C18: D.E.D | D18: =+DIA*1.2+0.1 -> 0.82
D20: M.O.C- FRP (BISPHENOL)
D21: THK | H21: PART | I21: Qty | J21: =D22 -> 0 | K21: FRP AREA | L21: =E22 -> BIS | M21: =F22 -> BIS | N21: =G22 -> BIS
C22: THK | E22: BIS | F22: BIS | G22: BIS | J22: Sq.M | K22: Sq.M | L22: Sq.M-mm | M22: Sq.M-mm | N22: Sq.M-mm
C23: 8 | E23: 3 | F23: =C23-E23-G23 -> 4 | G23: 1 | H23: BOTTOM SHELL | I23: 1 | J23: =PI()*DIA*D13*I23 -> 0.45238934 | K23: =PI()*DIA*D13 -> 0.45238934 | L23: =K23*E23*I23 -> 1.357168 | M23: =K23*F23*I23 -> 1.8095574 | N23: =K23*G23*I23 -> 0.45238934
C24: 8 | E24: 3 | F24: =C24-E24-G24 -> 4 | G24: 1 | H24: BOTT MIDD SHELL | I24: 1 | J24: =PI()*DIA*B.M.S.H*I24 -> 0.45238934 | K24: =PI()*DIA*B.M.S.H -> 0.45238934 | L24: =K24*E24*I24 -> 1.357168 | M24: =K24*F24*I24 -> 1.8095574 | N24: =K24*G24*I24 -> 0.45238934
C25: 8 | E25: 3 | F25: =C25-E25-G25 -> 4 | G25: 1 | H25: MIDDLE SHELL | I25: 1 | J25: =PI()*DIA*M.S.H*I25 -> 0.45238934 | K25: =PI()*DIA*M.S.H -> 0.45238934 | L25: =K25*E25*I25 -> 1.357168 | M25: =K25*F25*I25 -> 1.8095574 | N25: =K25*G25*I25 -> 0.45238934
C26: 8 | E26: 3 | F26: =C26-E26-G26 -> 4 | G26: 1 | H26: TOP MIDD SHELL | I26: 1 | J26: =PI()*DIA*T.M.S.H*I26 -> 0.45238934 | K26: =PI()*DIA*T.M.S.H -> 0.45238934 | L26: =K26*E26*I26 -> 1.357168 | M26: =K26*F26*I26 -> 1.8095574 | N26: =K26*G26*I26 -> 0.45238934
C27: 8 | E27: 3 | F27: =C27-E27-G27 -> 4 | G27: 1 | H27: TOP SHELL | I27: 1 | J27: =PI()*DIA*T.S.H*I27 -> 0.45238934 | K27: =PI()*DIA*T.S.H -> 0.45238934 | L27: =K27*E27*I27 -> 1.357168 | M27: =K27*F27*I27 -> 1.8095574 | N27: =K27*G27*I27 -> 0.45238934
C28: 8 | E28: 0 | F28: 0 | G28: 0 | H28: CON TOP | I28: 1 | J28: =((DIA^2)/(COS(ANGLE*PI()/180)))*I28 -> 0.37269942 | K28: =PI()/4*((DIA^2)/(COS(ANGLE*PI()/180))) -> 0.29271744 | L28: =K28*E28*I28 -> 0 | M28: =K28*F28*I28 -> 0 | N28: =K28*G28*I28 -> 0
C29: 8 | E29: 3 | F29: =C29-E29-G29 -> 4 | G29: 1 | H29: FLAT BOTTM | I29: 1 | J29: =(DIA^2)*I29 -> 0.36 | K29: =(PI()/4)*(DIA^2) -> 0.28274334 | L29: =K29*E29*I29 -> 0.84823002 | M29: =K29*F29*I29 -> 1.1309734 | N29: =K29*G29*I29 -> 0.28274334
C30: 15 | E30: 3 | F30: =C30-E30-G30 -> 11 | G30: 1 | H30: BODY FLG | I30: 1 | J30: =((DIA+0.2)^2)*I30 -> 0.64 | K30: =((PI()/4)*((DIA+0.2)^2-DIA^2)) -> 0.21991149 | L30: =K30*E30*I30 -> 0.65973446 | M30: =K30*F30*I30 -> 2.4190263 | N30: =K30*G30*I30 -> 0.21991149
C31: 15 | E31: 3 | F31: =C31-E31-G31 -> 11 | G31: 1 | H31: TOP COVER | I31: 1 | J31: =((DIA+0.2)^2)*I31 -> 0.64 | K31: =((PI()/4)*((DIA+0.2)^2)) -> 0.50265482 | L31: =K31*E31*I31 -> 1.5079645 | M31: =K31*F31*I31 -> 5.5292031 | N31: =K31*G31*I31 -> 0.50265482
C32: =CEILING((C31+C23)*0.5,1) -> 12 | F32: =C32-E32-G32 -> 12 | H32: R/F - BOTTOM | I32: 1 | K32: =PI()*DIA*(2*2*SQRT(DIA*((C32)/1000/2))) -> 0.45238934 | M32: =K32*F32*I32 -> 5.4286721
C33: =CEILING((C31+C27)*0.5,1) -> 12 | F33: =C33-E33-G33 -> 12 | H33: R/F - TOP | I33: 1 | K33: =PI()*DIA*(2*2*SQRT(DIA*((C33)/1000/2))) -> 0.45238934 | M33: =K33*F33*I33 -> 5.4286721
C34: 0 | F34: =C34-E34-G34 -> 0 | H34: R/F -LUGS SUPPORT | I34: 1 | K34: =PI()*DIA*0.45 -> 0.84823002 | M34: =K34*F34*I34 -> 0
C35: 0 | F35: =C35-E35-G35 -> 0 | H35: STFFENER @TOP | I35: 0 | K35: =(DIA)/(COS(ANGLE*PI()/180))*((50+75+75+75+50)/1000) -> 0.20187886 | M35: =K35*F35*I35 -> 0
C36: 0 | F36: =C36-E36-G36 -> 0 | H36: SHEL STIFF | I36: 0 | K36: =PI()*DIA*0.4 -> 0.75398224 | M36: =K36*F36*I36 -> 0
V37: FLG. THICKNESS | X37: PIPE THICKNESS | Z37: FLG. AREA | AB37: PIPE AREA | AD37: TOTAL
Q38: NOZZLE | R38: PIPE SIZE | S38: PIPE LENGTH | T38: FLG. OD | U38: AREA | V38: PP | W38: FRP | X38: PP | Y38: FRP | Z38: PP | AA38: FRP | AB38: PP | AC38: FRP | AD38: PP (Sq.M) | AE38: FRP (Sq. M- mm)
P39: N001 | Q39: N001 | R39: 0 | S39: 0 | T39: 0 | U39: =((PI()/4)*(T39^2-R39^2))+(PI()*R39*S39) -> 0 | V39: 5 | W39: 12 | X39: 5 | Y39: 5 | Z39: =(T39^2)*CEILING(V39/4,1) -> 0 | AA39: =((PI()/4)*(T39^2-R39^2))*W39 -> 0 | AB39: =+(PI()*R39*S39)*CEILING(X39/3,1) -> 0 | AC39: =+(PI()*R39*S39)*Y39 -> 0 | AD39: =+Z39+AB39 -> 0 | AE39: =+AA39+AC39 -> 0
H40: N040 | I40: 4 | J40: =LOOKUP(H40,NOZZLE1,PP_AREA)*I40 -> 0.27982845 | L40: 1.39 | M40: =L40*I40 -> 5.56 | P40: N015 | Q40: N015 | R40: 0.015 | S40: 0.15 | T40: 0.089 | U40: =((PI()/4)*(T40^2-R40^2))+(PI()*R40*S40) -> 0.013113008 | V40: 5 | W40: 12 | X40: 5 | Y40: 5 | Z40: =(T40^2)*CEILING(V40/4,1) -> 0.015842 | AA40: =((PI()/4)*(T40^2-R40^2))*W40 -> 0.072533091 | AB40: =+(PI()*R40*S40)*CEILING(X40/3,1) -> 0.014137167 | AC40: =+(PI()*R40*S40)*Y40 -> 0.035342917 | AD40: =+Z40+AB40 -> 0.029979167 | AE40: =+AA40+AC40 -> 0.10787601
H41: N050 | I41: 2 | J41: =LOOKUP(H41,NOZZLE1,PP_AREA)*I41 -> 0.18666378 | L41: 1.7 | M41: =L41*I41 -> 3.4 | P41: N020 | Q41: N020 | R41: 0.02 | S41: 0.15 | T41: 0.098 | U41: =((PI()/4)*(T41^2-R41^2))+(PI()*R41*S41) -> 0.016653583 | V41: 5 | W41: 12 | X41: 5 | Y41: 5 | Z41: =(T41^2)*CEILING(V41/4,1) -> 0.019208 | AA41: =((PI()/4)*(T41^2-R41^2))*W41 -> 0.086745656 | AB41: =+(PI()*R41*S41)*CEILING(X41/3,1) -> 0.018849556 | AC41: =+(PI()*R41*S41)*Y41 -> 0.04712389 | AD41: =+Z41+AB41 -> 0.038057556 | AE41: =+AA41+AC41 -> 0.13386955
H42: N100 | I42: 2 | J42: =LOOKUP(H42,NOZZLE1,PP_AREA)*I42 -> 0.39825956 | L42: 1.9 | M42: =L42*I42 -> 3.8 | P42: N025 | Q42: N025 | R42: 0.025 | S42: 0.15 | T42: 0.108 | U42: =((PI()/4)*(T42^2-R42^2))+(PI()*R42*S42) -> 0.020450983 | V42: 5 | W42: 12 | X42: 5 | Y42: 5 | Z42: =(T42^2)*CEILING(V42/4,1) -> 0.023328 | AA42: =((PI()/4)*(T42^2-R42^2))*W42 -> 0.10404012 | AB42: =+(PI()*R42*S42)*CEILING(X42/3,1) -> 0.023561945 | AC42: =+(PI()*R42*S42)*Y42 -> 0.058904862 | AD42: =+Z42+AB42 -> 0.046889945 | AE42: =+AA42+AC42 -> 0.16294499
H43: N100 | I43: 0 | J43: =LOOKUP(H43,NOZZLE1,PP_AREA)*I43 -> 0 | L43: 1.55 | M43: =L43*I43 -> 0 | P43: N040 | Q43: N040 | R43: 0.04 | S43: 0.15 | T43: 0.127 | U43: =((PI()/4)*(T43^2-R43^2))+(PI()*R43*S43) -> 0.030260606 | V43: 5 | W43: 15 | X43: 5 | Y43: 6 | Z43: =(T43^2)*CEILING(V43/4,1) -> 0.032258 | AA43: =((PI()/4)*(T43^2-R43^2))*W43 -> 0.17116575 | AB43: =+(PI()*R43*S43)*CEILING(X43/3,1) -> 0.037699112 | AC43: =+(PI()*R43*S43)*Y43 -> 0.11309734 | AD43: =+Z43+AB43 -> 0.069957112 | AE43: =+AA43+AC43 -> 0.28426308
H44: N450 | I44: 0 | J44: =LOOKUP(H44,NOZZLE1,PP_AREA)*I44 -> 0 | L44: 7.34 | M44: =L44*I44 -> 0 | P44: N050 | Q44: N050 | R44: 0.05 | S44: 0.15 | T44: 0.152 | U44: =((PI()/4)*(T44^2-R44^2))+(PI()*R44*S44) -> 0.039744289 | V44: 5 | W44: 15 | X44: 5 | Y44: 6 | Z44: =(T44^2)*CEILING(V44/4,1) -> 0.046208 | AA44: =((PI()/4)*(T44^2-R44^2))*W44 -> 0.24273516 | AB44: =+(PI()*R44*S44)*CEILING(X44/3,1) -> 0.04712389 | AC44: =+(PI()*R44*S44)*Y44 -> 0.14137167 | AD44: =+Z44+AB44 -> 0.09333189 | AE44: =+AA44+AC44 -> 0.38410683
H45: N500 | I45: 0 | J45: =LOOKUP(H45,NOZZLE1,PP_AREA)*I45 -> 0 | M45: SH.MH | P45: N065 | Q45: N065 | R45: 0.065 | S45: 0.15 | T45: 0.178 | U45: =((PI()/4)*(T45^2-R45^2))+(PI()*R45*S45) -> 0.052196777 | V45: 5 | W45: 18 | X45: 5 | Y45: 6 | Z45: =(T45^2)*CEILING(V45/4,1) -> 0.063368 | AA45: =((PI()/4)*(T45^2-R45^2))*W45 -> 0.38819247 | AB45: =+(PI()*R45*S45)*CEILING(X45/3,1) -> 0.061261057 | AC45: =+(PI()*R45*S45)*Y45 -> 0.18378317 | AD45: =+Z45+AB45 -> 0.12462906 | AE45: =+AA45+AC45 -> 0.57197564
H46: N600 | I46: 0 | J46: =LOOKUP(H46,NOZZLE1,PP_AREA)*I46 -> 0 | P46: N080 | Q46: N080 | R46: 0.08 | S46: 0.15 | T46: 0.191 | U46: =((PI()/4)*(T46^2-R46^2))+(PI()*R46*S46) -> 0.061324674 | V46: 5 | W46: 18 | X46: 5 | Y46: 7 | Z46: =(T46^2)*CEILING(V46/4,1) -> 0.072962 | AA46: =((PI()/4)*(T46^2-R46^2))*W46 -> 0.42526012 | AB46: =+(PI()*R46*S46)*CEILING(X46/3,1) -> 0.075398224 | AC46: =+(PI()*R46*S46)*Y46 -> 0.26389378 | AD46: =+Z46+AB46 -> 0.14836022 | AE46: =+AA46+AC46 -> 0.6891539
H47: N600 | I47: 0 | J47: =LOOKUP(H47,NOZZLE1,PP_AREA)*I47 -> 0 | P47: N100 | Q47: N100 | R47: 0.1 | S47: 0.15 | T47: 0.229 | U47: =((PI()/4)*(T47^2-R47^2))+(PI()*R47*S47) -> 0.080456973 | V47: 5 | W47: 20 | X47: 5 | Y47: 7 | Z47: =(T47^2)*CEILING(V47/4,1) -> 0.104882 | AA47: =((PI()/4)*(T47^2-R47^2))*W47 -> 0.66666167 | AB47: =+(PI()*R47*S47)*CEILING(X47/3,1) -> 0.09424778 | AC47: =+(PI()*R47*S47)*Y47 -> 0.32986723 | AD47: =+Z47+AB47 -> 0.19912978 | AE47: =+AA47+AC47 -> 0.9965289
H48: N400 | I48: 0 | J48: =LOOKUP(H48,NOZZLE1,PP_AREA)*I48 -> 0 | P48: N125 | Q48: N125 | R48: 0.125 | S48: 0.15 | T48: 0.254 | U48: =((PI()/4)*(T48^2-R48^2))+(PI()*R48*S48) -> 0.097303764 | V48: 5 | W48: 20 | X48: 5 | Y48: 7 | Z48: =(T48^2)*CEILING(V48/4,1) -> 0.129032 | AA48: =((PI()/4)*(T48^2-R48^2))*W48 -> 0.76797803 | AB48: =+(PI()*R48*S48)*CEILING(X48/3,1) -> 0.11780972 | AC48: =+(PI()*R48*S48)*Y48 -> 0.41233404 | AD48: =+Z48+AB48 -> 0.24684172 | AE48: =+AA48+AC48 -> 1.1803121
H49: N600 | I49: 0 | J49: =LOOKUP(H49,NOZZLE1,PP_AREA)*I49 -> 0 | P49: N150 | Q49: N150 | R49: 0.15 | S49: 0.15 | T49: 0.279 | U49: =((PI()/4)*(T49^2-R49^2))+(PI()*R49*S49) -> 0.11415055 | V49: 5 | W49: 20 | X49: 5 | Y49: 8 | Z49: =(T49^2)*CEILING(V49/4,1) -> 0.155682 | AA49: =((PI()/4)*(T49^2-R49^2))*W49 -> 0.8692944 | AB49: =+(PI()*R49*S49)*CEILING(X49/3,1) -> 0.14137167 | AC49: =+(PI()*R49*S49)*Y49 -> 0.56548668 | AD49: =+Z49+AB49 -> 0.29705367 | AE49: =+AA49+AC49 -> 1.4347811
H50: N600 | I50: 0 | J50: =LOOKUP(H50,NOZZLE1,PP_AREA)*I50 -> 0 | P50: N200 | Q50: N200 | R50: 0.2 | S50: 0.15 | T50: 0.33 | U50: =((PI()/4)*(T50^2-R50^2))+(PI()*R50*S50) -> 0.14836171 | V50: 5 | W50: 22 | X50: 5 | Y50: 8 | Z50: =(T50^2)*CEILING(V50/4,1) -> 0.2178 | AA50: =((PI()/4)*(T50^2-R50^2))*W50 -> 1.1905065 | AB50: =+(PI()*R50*S50)*CEILING(X50/3,1) -> 0.18849556 | AC50: =+(PI()*R50*S50)*Y50 -> 0.75398224 | AD50: =+Z50+AB50 -> 0.40629556 | AE50: =+AA50+AC50 -> 1.9444888
H51: N250 | I51: 0 | J51: =LOOKUP(H51,NOZZLE1,PP_AREA)*I51 -> 0 | P51: N250 | Q51: N250 | R51: 0.25 | S51: 0.15 | T51: 0.38 | U51: =((PI()/4)*(T51^2-R51^2))+(PI()*R51*S51) -> 0.18213383 | V51: 5 | W51: 22 | X51: 5 | Y51: 8 | Z51: =(T51^2)*CEILING(V51/4,1) -> 0.2888 | AA51: =((PI()/4)*(T51^2-R51^2))*W51 -> 1.4151304 | AB51: =+(PI()*R51*S51)*CEILING(X51/3,1) -> 0.23561945 | AC51: =+(PI()*R51*S51)*Y51 -> 0.9424778 | AD51: =+Z51+AB51 -> 0.52441945 | AE51: =+AA51+AC51 -> 2.3576082
H52: N300 | I52: 0 | J52: =LOOKUP(H52,NOZZLE1,PP_AREA)*I52 -> 0 | P52: N300 | Q52: N300 | R52: 0.3 | S52: 0.15 | T52: 0.43 | U52: =((PI()/4)*(T52^2-R52^2))+(PI()*R52*S52) -> 0.21590596 | V52: 5 | W52: 25 | X52: 5 | Y52: 8 | Z52: =(T52^2)*CEILING(V52/4,1) -> 0.3698 | AA52: =((PI()/4)*(T52^2-R52^2))*W52 -> 1.8633571 | AB52: =+(PI()*R52*S52)*CEILING(X52/3,1) -> 0.28274334 | AC52: =+(PI()*R52*S52)*Y52 -> 1.1309734 | AD52: =+Z52+AB52 -> 0.65254334 | AE52: =+AA52+AC52 -> 2.9943305
H53: N350 | I53: 0 | J53: =LOOKUP(H53,NOZZLE1,PP_AREA)*I53 -> 0 | P53: N350 | Q53: N350 | R53: 0.35 | S53: 0.15 | T53: 0.48 | U53: =((PI()/4)*(T53^2-R53^2))+(PI()*R53*S53) -> 0.24967808 | V53: 5 | W53: 25 | X53: 5 | Y53: 9 | Z53: =(T53^2)*CEILING(V53/4,1) -> 0.4608 | AA53: =((PI()/4)*(T53^2-R53^2))*W53 -> 2.1186115 | AB53: =+(PI()*R53*S53)*CEILING(X53/3,1) -> 0.32986723 | AC53: =+(PI()*R53*S53)*Y53 -> 1.4844025 | AD53: =+Z53+AB53 -> 0.79066723 | AE53: =+AA53+AC53 -> 3.6030141
H54: N400 | I54: 0 | J54: =LOOKUP(H54,NOZZLE1,PP_AREA)*I54 -> 0 | P54: N400 | Q54: N400 | R54: 0.4 | S54: 0.15 | T54: 0.53 | U54: =((PI()/4)*(T54^2-R54^2))+(PI()*R54*S54) -> 0.2834502 | V54: 5 | W54: 25 | X54: 5 | Y54: 9 | Z54: =(T54^2)*CEILING(V54/4,1) -> 0.5618 | AA54: =((PI()/4)*(T54^2-R54^2))*W54 -> 2.3738659 | AB54: =+(PI()*R54*S54)*CEILING(X54/3,1) -> 0.37699112 | AC54: =+(PI()*R54*S54)*Y54 -> 1.69646 | AD54: =+Z54+AB54 -> 0.93879112 | AE54: =+AA54+AC54 -> 4.070326
H55: N450 | I55: 0 | J55: =LOOKUP(H55,NOZZLE1,PP_AREA)*I55 -> 0 | P55: N450 | Q55: N450 | R55: 0.45 | S55: 0.15 | T55: 0.58 | U55: =((PI()/4)*(T55^2-R55^2))+(PI()*R55*S55) -> 0.31722232 | V55: 5 | W55: 25 | X55: 5 | Y55: 9 | Z55: =(T55^2)*CEILING(V55/4,1) -> 0.6728 | AA55: =((PI()/4)*(T55^2-R55^2))*W55 -> 2.6291204 | AB55: =+(PI()*R55*S55)*CEILING(X55/3,1) -> 0.42411501 | AC55: =+(PI()*R55*S55)*Y55 -> 1.9085175 | AD55: =+Z55+AB55 -> 1.096915 | AE55: =+AA55+AC55 -> 4.5376379
H56: N500 | I56: 0 | J56: =LOOKUP(H56,NOZZLE1,PP_AREA)*I56 -> 0 | P56: N500 | Q56: N500 | R56: 0.5 | S56: 0.15 | T56: 0.63 | U56: =((PI()/4)*(T56^2-R56^2))+(PI()*R56*S56) -> 0.35099444 | V56: 5 | W56: 28 | X56: 5 | Y56: 10 | Z56: =(T56^2)*CEILING(V56/4,1) -> 0.7938 | AA56: =((PI()/4)*(T56^2-R56^2))*W56 -> 3.2304997 | AB56: =+(PI()*R56*S56)*CEILING(X56/3,1) -> 0.4712389 | AC56: =+(PI()*R56*S56)*Y56 -> 2.3561945 | AD56: =+Z56+AB56 -> 1.2650389 | AE56: =+AA56+AC56 -> 5.5866942
H57: N600 | I57: 0 | J57: =LOOKUP(H57,NOZZLE1,PP_AREA)*I57 -> 0 | P57: N600 | Q57: N600 | R57: 0.6 | S57: 0.15 | T57: 0.73 | U57: =((PI()/4)*(T57^2-R57^2))+(PI()*R57*S57) -> 0.41853868 | V57: 5 | W57: 30 | X57: 5 | Y57: 11 | Z57: =(T57^2)*CEILING(V57/4,1) -> 1.0658 | AA57: =((PI()/4)*(T57^2-R57^2))*W57 -> 4.0738603 | AB57: =+(PI()*R57*S57)*CEILING(X57/3,1) -> 0.56548668 | AC57: =+(PI()*R57*S57)*Y57 -> 3.1101767 | AD57: =+Z57+AB57 -> 1.6312867 | AE57: =+AA57+AC57 -> 7.184037
V58: THICKNESS
Q59: B.FLANGE | R59: PIPE SIZE | S59: PIPE LENGTH | T59: FLG. OD | U59: AREA | V59: PP | W59: FRP
P60: B001 | Q60: B001 | R60: 0 | S60: 0 | T60: 0 | U60: =((PI()/4)*(T60^2)) -> 0 | V60: 5 | W60: 12
E61: =LOOKUP(H61,B.FLG,B.FLG.FRP) -> 15 | H61: B040 | I61: 1 | J61: =LOOKUP(H61,B.FLG,B.FLG.AREA)*(CEILING(D61/3,1))*I61 -> 0 | K61: =LOOKUP(H61,B.FLG,B.FLG.AREA) -> 0.012667687 | L61: 0.22 | M61: =L61*I61 -> 0.22 | P61: B015 | Q61: B015 | R61: 0.015 | S61: 0.15 | T61: 0.089 | U61: =((PI()/4)*(T61^2)) -> 0.0062211389 | V61: 5 | W61: 12
E62: =LOOKUP(H62,B.FLG,B.FLG.FRP) -> 18 | H62: B100 | I62: 0 | J62: =LOOKUP(H62,B.FLG,B.FLG.AREA)*(CEILING(D62/3,1))*I62 -> 0 | K62: =LOOKUP(H62,B.FLG,B.FLG.AREA) -> 0.041187065 | L62: 1.63 | M62: =L62*I62 -> 0 | P62: B020 | Q62: B020 | R62: 0.02 | S62: 0.15 | T62: 0.098 | U62: =((PI()/4)*(T62^2)) -> 0.007542964 | V62: 5 | W62: 12
E63: =LOOKUP(H63,B.FLG,B.FLG.FRP) -> 18 | H63: B080 | I63: 0 | J63: =LOOKUP(H63,B.FLG,B.FLG.AREA)*(CEILING(D63/3,1))*I63 -> 0 | K63: =LOOKUP(H63,B.FLG,B.FLG.AREA) -> 0.02865211 | L63: 0.38 | M63: =L63*I63 -> 0 | P63: B025 | Q63: B025 | R63: 0.025 | S63: 0.15 | T63: 0.108 | U63: =((PI()/4)*(T63^2)) -> 0.0091608842 | V63: 5 | W63: 12
E64: =LOOKUP(H64,B.FLG,B.FLG.FRP) -> 18 | H64: B100 | I64: 0 | J64: =LOOKUP(H64,B.FLG,B.FLG.AREA)*(CEILING(D64/3,1))*I64 -> 0 | K64: =LOOKUP(H64,B.FLG,B.FLG.AREA) -> 0.041187065 | L64: 0.46 | M64: =L64*I64 -> 0 | P64: B040 | Q64: B040 | R64: 0.04 | S64: 0.15 | T64: 0.127 | U64: =((PI()/4)*(T64^2)) -> 0.012667687 | V64: 5 | W64: 15
E65: =LOOKUP(H65,B.FLG,B.FLG.FRP) -> 25 | H65: B450 | I65: 0 | J65: =LOOKUP(H65,B.FLG,B.FLG.AREA)*(CEILING(D65/3,1))*I65 -> 0 | K65: =LOOKUP(H65,B.FLG,B.FLG.AREA)*1.5 -> 0.39631191 | L65: 4.46 | M65: =L65*I65 -> 0 | P65: B050 | Q65: B050 | R65: 0.05 | S65: 0.15 | T65: 0.152 | U65: =((PI()/4)*(T65^2)) -> 0.018145839 | V65: 5 | W65: 15
E66: =LOOKUP(H66,B.FLG,B.FLG.FRP) -> 30 | H66: B600 | I66: 0 | J66: =LOOKUP(H66,B.FLG,B.FLG.AREA)*(CEILING(D66/3,1))*I66 -> 0 | K66: =LOOKUP(H66,B.FLG,B.FLG.AREA) -> 0.41853868 | L66: =+E66*K66*I66 -> 0 | P66: B065 | Q66: B065 | R66: 0.065 | S66: 0.15 | T66: 0.178 | U66: =((PI()/4)*(T66^2)) -> 0.024884555 | V66: 5 | W66: 15
E67: =LOOKUP(H67,B.FLG,B.FLG.FRP) -> 30 | H67: B600 | I67: 0 | J67: =LOOKUP(H67,B.FLG,B.FLG.AREA)*(CEILING(D67/3,1))*I67 -> 0 | K67: =LOOKUP(H67,B.FLG,B.FLG.AREA) -> 0.41853868 | L67: =+E67*K67*I67*2 -> 0 | M67: SH.MH | P67: B080 | Q67: B080 | R67: 0.08 | S67: 0.15 | T67: 0.191 | U67: =((PI()/4)*(T67^2)) -> 0.02865211 | V67: 5 | W67: 18
E68: =LOOKUP(H68,B.FLG,B.FLG.FRP) -> 30 | H68: B600 | I68: 0 | J68: =LOOKUP(H68,B.FLG,B.FLG.AREA)*(CEILING(D68/3,1))*I68 -> 0 | K68: =LOOKUP(H68,B.FLG,B.FLG.AREA) -> 0.41853868 | L68: =+E68*K68*I68 -> 0 | P68: B100 | Q68: B100 | R68: 0.1 | S68: 0.15 | T68: 0.229 | U68: =((PI()/4)*(T68^2)) -> 0.041187065 | V68: 5 | W68: 18
E69: =LOOKUP(H69,B.FLG,B.FLG.FRP) -> 30 | H69: B600 | I69: 0 | J69: =LOOKUP(H69,B.FLG,B.FLG.AREA)*(CEILING(D69/3,1))*I69 -> 0 | K69: =LOOKUP(H69,B.FLG,B.FLG.AREA) -> 0.41853868 | L69: =+E69*K69*I69 -> 0 | P69: B125 | Q69: B125 | R69: 0.125 | S69: 0.15 | T69: 0.254 | U69: =((PI()/4)*(T69^2)) -> 0.050670748 | V69: 5 | W69: 18
E70: =LOOKUP(H70,B.FLG,B.FLG.FRP) -> 20 | H70: B150 | I70: 0 | J70: =LOOKUP(H70,B.FLG,B.FLG.AREA)*(CEILING(D70/3,1))*I70 -> 0 | K70: =LOOKUP(H70,B.FLG,B.FLG.AREA) -> 0.061136178 | L70: =+E70*K70*I70 -> 0 | P70: B150 | Q70: B150 | R70: 0.15 | S70: 0.15 | T70: 0.279 | U70: =((PI()/4)*(T70^2)) -> 0.061136178 | V70: 5 | W70: 20
E71: =LOOKUP(H71,B.FLG,B.FLG.FRP) -> 20 | H71: B200 | I71: 0 | J71: =LOOKUP(H71,B.FLG,B.FLG.AREA)*(CEILING(D71/3,1))*I71 -> 0 | K71: =LOOKUP(H71,B.FLG,B.FLG.AREA) -> 0.08552986 | L71: =+E71*K71*I71 -> 0 | P71: B200 | Q71: B200 | R71: 0.2 | S71: 0.15 | T71: 0.33 | U71: =((PI()/4)*(T71^2)) -> 0.08552986 | V71: 5 | W71: 20
E72: =LOOKUP(H72,B.FLG,B.FLG.FRP) -> 22 | H72: B250 | I72: 0 | J72: =LOOKUP(H72,B.FLG,B.FLG.AREA)*(CEILING(D72/3,1))*I72 -> 0 | K72: =LOOKUP(H72,B.FLG,B.FLG.AREA) -> 0.11341149 | L72: =+E72*K72*I72 -> 0 | P72: B250 | Q72: B250 | R72: 0.25 | S72: 0.15 | T72: 0.38 | U72: =((PI()/4)*(T72^2)) -> 0.11341149 | V72: 5 | W72: 22
E73: =LOOKUP(H73,B.FLG,B.FLG.FRP) -> 22 | H73: B300 | I73: 0 | J73: =LOOKUP(H73,B.FLG,B.FLG.AREA)*(CEILING(D73/3,1))*I73 -> 0 | K73: =LOOKUP(H73,B.FLG,B.FLG.AREA) -> 0.14522012 | L73: =+E73*K73*I73 -> 0 | P73: B300 | Q73: B300 | R73: 0.3 | S73: 0.15 | T73: 0.43 | U73: =((PI()/4)*(T73^2)) -> 0.14522012 | V73: 5 | W73: 22
E74: =LOOKUP(H74,B.FLG,B.FLG.FRP) -> 25 | H74: B350 | I74: 0 | J74: =LOOKUP(H74,B.FLG,B.FLG.AREA)*(CEILING(D74/3,1))*I74 -> 0 | K74: =LOOKUP(H74,B.FLG,B.FLG.AREA) -> 0.18095574 | L74: =+E74*K74*I74 -> 0 | P74: B350 | Q74: B350 | R74: 0.35 | S74: 0.15 | T74: 0.48 | U74: =((PI()/4)*(T74^2)) -> 0.18095574 | V74: 5 | W74: 25
E75: =LOOKUP(H75,B.FLG,B.FLG.FRP) -> 25 | H75: B400 | I75: 0 | J75: =LOOKUP(H75,B.FLG,B.FLG.AREA)*(CEILING(D75/3,1))*I75 -> 0 | K75: =LOOKUP(H75,B.FLG,B.FLG.AREA) -> 0.22061834 | L75: =+E75*K75*I75 -> 0 | P75: B400 | Q75: B400 | R75: 0.4 | S75: 0.15 | T75: 0.53 | U75: =((PI()/4)*(T75^2)) -> 0.22061834 | V75: 5 | W75: 25
E76: =LOOKUP(H76,B.FLG,B.FLG.FRP) -> 25 | H76: B450 | I76: 0 | J76: =LOOKUP(H76,B.FLG,B.FLG.AREA)*(CEILING(D76/3,1))*I76 -> 0 | K76: =LOOKUP(H76,B.FLG,B.FLG.AREA) -> 0.26420794 | L76: =+E76*K76*I76 -> 0 | P76: B450 | Q76: B450 | R76: 0.45 | S76: 0.15 | T76: 0.58 | U76: =((PI()/4)*(T76^2)) -> 0.26420794 | V76: 5 | W76: 25
E77: =LOOKUP(H77,B.FLG,B.FLG.FRP) -> 28 | H77: B500 | I77: 0 | J77: =LOOKUP(H77,B.FLG,B.FLG.AREA)*(CEILING(D77/3,1))*I77 -> 0 | K77: =LOOKUP(H77,B.FLG,B.FLG.AREA) -> 0.31172453 | L77: =+E77*K77*I77 -> 0 | P77: B500 | Q77: B500 | R77: 0.5 | S77: 0.15 | T77: 0.63 | U77: =((PI()/4)*(T77^2)) -> 0.31172453 | V77: 5 | W77: 28
E78: =LOOKUP(H78,B.FLG,B.FLG.FRP) -> 30 | H78: B600 | I78: 0 | J78: =LOOKUP(H78,B.FLG,B.FLG.AREA)*(CEILING(D78/3,1))*I78 -> 0 | K78: =LOOKUP(H78,B.FLG,B.FLG.AREA) -> 0.41853868 | L78: =+E78*K78*I78 -> 0 | P78: B600 | Q78: B600 | R78: 0.6 | S78: 0.15 | T78: 0.73 | U78: =((PI()/4)*(T78^2)) -> 0.41853868 | V78: 5 | W78: 30
J80: =SUM(J40:J79)*1.35 -> 1.1674149 | M80: =SUM(M40:M79)*1.25 -> 16.225
J81: =J21 -> 0 | L81: =L21 -> BIS | M81: =L21 -> BIS | N81: =M21 -> BIS
C82: ='01_1.35 KL'!C82 -> MOC BY PARAMOUNT & THK AS PER JRF | J82: =SUM(J23:J37) -> 4.2746461 | L82: =SUM(L23:L37) -> 9.8017691 | M82: =SUM(M23:M37) -> 28.984334 | N82: =SUM(N23:N37) -> 3.2672564
J83: Sq.M | L83: Sq.M-mm | M83: Sq.M-mm | N83: Sq.M-mm
B84: SR. NO | C84: Descreption | H84: Rate | J84: Cost
B85: 01 | C85: Cost of MM | D85: =J81 -> 0 | G85: =CEILING(J82*1.05,1) -> 5 | H85: ='RESIN RATE'!E12 -> 0 | I85: = | J85: =+G85*H85 -> 0 | N85: =+J81 -> 0
B86: 02 | C86: Cost of | D86: =L81 -> BIS | E86: INDIAN | G86: =CEILING(L82*1.1,1) -> 11 | H86: ='RESIN RATE'!D12 -> 565 | I86: = | J86: =+G86*H86 -> 6215 | N86: MFG
B87: 03 | C87: Cost of | D87: =M81 -> BIS | E87: INDIAN | G87: =CEILING(M82*1.1,1) -> 32 | H87: ='RESIN RATE'!D12 -> 565 | I87: = | J87: =+G87*H87 -> 18080 | N87: MFG
B88: 04 | C88: Cost of | D88: =N81 -> BIS | E88: INDIAN | G88: =CEILING(N82*1.1,1) -> 4 | H88: ='RESIN RATE'!D12 -> 565 | I88: = | J88: =+G88*H88 -> 2260 | N88: MFG
B89: 06 | C89: PP Welding Rod | G89: 0 | H89: =CEILING(G85*100,50) -> 500 | I89: = | J89: =+G89*H89 -> 0 | N89: B/O
B90: 07 | C90: EXTERNAL PIPE_40 mm, 2250 mm L | G90: 0 | H90: =CEILING((PI()*0.05*2.25*5+PI()*0.05*0.16*5*2)*H86,50) -> 1150 | I90: = | J90: =+G90*H90 -> 0 | N90: B/O | Q90: GOOSE NECK
B91: 08 | C91: Nozzle | G91: 1 | H91: =CEILING((SUM(J40:J78)*H85+SUM(M40:M65)*H86)*1.15,500) -> 8500 | I91: = | J91: =+G91*H91 -> 8500 | N91: MFG
B92: 09 | C92: Nut-Bolt- SS 304 | G92: 1 | H92: =CEILING((100*1+1800*1)*1.2,100) -> 2300 | I92: = | J92: =+G92*H92 -> 2300 | N92: B/O
B93: 10 | C93: Gasket | G93: 1 | H93: =CEILING((75*0+300*0+2500*1)*1.1,100) -> 2800 | I93: = | J93: =+G93*H93 -> 2800 | N93: B/O
B94: 11 | C94: 10% Nut-Bolt (MIN 4 NOS) | G94: 0 | H94: =H92*0.9 -> 2070 | I94: = | J94: =+G94*H94 -> 0 | N94: B/O
B95: 12 | C95: 2 Set Gasket | G95: 0 | H95: =H93 -> 2800 | I95: = | J95: =+G95*H95 -> 0 | N95: B/O
C96: NEOPRENE RUBBER | G96: 1 | H96: =CEILING(PI()/4*(DIA^2)*12*2*80,50) -> 550 | I96: = | J96: =+G96*H96 -> 550 | N96: B/O
B97: 13 | C97: LEVEL INDICATOR-FLOAT & BOARD TYPE | G97: 0 | H97: 20000 | I97: = | J97: =+G97*H97 -> 0 | N97: B/O
B98: 14 | C98: Anchor Bolts | G98: 4 | H98: 500 | I98: = | J98: =+G98*H98 -> 2000 | N98: B/O
B99: 15 | C99: Holdown Lugs | G99: 3 | H99: =0.2*10*H86 -> 1130 | I99: = | J99: =+G99*H99 -> 3390 | K99: =J99/H86 -> 6 | N99: MFG
C100: Lifting Lugs | G100: 3 | H100: =CEILING(2.4*110+0.9*H86,10) -> 780 | I100: = | J100: =+G100*H100 -> 2340 | K100: =0.9*G100 -> 2.7 | N100: MS
B101: 16 | C101: MS LUG SUPPORT | G101: 0 | H101: =CEILING((PI()*DIA*0.1*5+((0.2*0.2*18*2+0.15*0.15*12*2)*4))*8*75*1.25,500) -> 7000 | I101: = | J101: =+G101*H101 -> 0 | N101: MS
B102: 17 | C102: Ladder & Railing | G102: =CEILING(PI()*DIA+HT,1) -> 4 | H102: 0 | I102: = | J102: =+G102*H102 -> 0 | K102: =+J102/250 -> 0 | N102: MS
B103: 18 | C103: Name Plate | G103: 1 | H103: 750 | I103: = | J103: =+G103*H103 -> 750 | N103: B/O
B104: 19 | C104: Mould | G104: 0 | H104: 1000 | I104: = | J104: =+G104*H104 -> 0 | N104: MOULD
B105: 20 | C105: Numbering Charges | G105: 1 | H105: 1500 | I105: = | J105: =+G105*H105 -> 1500 | N105: SER
...

Sheet 05_0.942 KL
C1: DATE | D1: ='01_1.35 KL'!D1 -> 44551 | E1: R1
C2: DATE | D2: ='01_1.35 KL'!D2 -> 44530 | E2: R0 | M2: ='01_1.35 KL'!M2:M4 -> R1 | N2: 05
C3: TYPE | D3: VERTICAL CYLINDRICAL WITH FLAT TOP WITH COVER AND FLAT BOTTOM
C4: CLIENT | D4: M/s PARAMOUNT
C5: CAPACITY | D5: =M11 -> 0.9424778 | E5: KL
C6: TITLE | D6: ALKALI MEASURING TANK (SBA)
C10: DIAMETER | D10: =+J13/1000 -> 1 | F10: 21-T-007 A/B
C11: HEIGHT | D11: =+I13/1000 -> 1.2 | M11: =(PI()/4)*(DIA^2)*HT -> 0.9424778
C12: CONE ANGLE | D12: 15 | I12: HEIGHT | J12: DIAMETER
C13: B. SHELL HT. | D13: =+HT/5 -> 0.24 | I13: 1200 | J13: 1000
C14: B.M. SHELL HT. | D14: =+HT/5 -> 0.24 | I14: (in mm) | J14: (in mm)
C15: M. SHELL HT. | D15: =+HT/5 -> 0.24
C16: T.M. SHELL HT. | D16: =+HT/5 -> 0.24
C17: T. SHELL HT. | D17: =+HT/5 -> 0.24
C18: D.E.D | D18: =+DIA*1.2+0.1 -> 1.3
D20: M.O.C- FRP (BISPHENOL)
D21: THK | H21: PART | I21: Qty | J21: =D22 -> 0 | K21: FRP AREA | L21: =E22 -> BIS | M21: =F22 -> BIS | N21: =G22 -> BIS
C22: THK | E22: BIS | F22: BIS | G22: BIS | J22: Sq.M | K22: Sq.M | L22: Sq.M-mm | M22: Sq.M-mm | N22: Sq.M-mm
C23: 8 | E23: 3 | F23: =C23-E23-G23 -> 4 | G23: 1 | H23: BOTTOM SHELL | I23: 1 | J23: =PI()*DIA*D13*I23 -> 0.75398224 | K23: =PI()*DIA*D13 -> 0.75398224 | L23: =K23*E23*I23 -> 2.2619467 | M23: =K23*F23*I23 -> 3.0159289 | N23: =K23*G23*I23 -> 0.75398224
C24: 8 | E24: 3 | F24: =C24-E24-G24 -> 4 | G24: 1 | H24: BOTT MIDD SHELL | I24: 1 | J24: =PI()*DIA*B.M.S.H*I24 -> 0.75398224 | K24: =PI()*DIA*B.M.S.H -> 0.75398224 | L24: =K24*E24*I24 -> 2.2619467 | M24: =K24*F24*I24 -> 3.0159289 | N24: =K24*G24*I24 -> 0.75398224
C25: 8 | E25: 3 | F25: =C25-E25-G25 -> 4 | G25: 1 | H25: MIDDLE SHELL | I25: 1 | J25: =PI()*DIA*M.S.H*I25 -> 0.75398224 | K25: =PI()*DIA*M.S.H -> 0.75398224 | L25: =K25*E25*I25 -> 2.2619467 | M25: =K25*F25*I25 -> 3.0159289 | N25: =K25*G25*I25 -> 0.75398224
C26: 8 | E26: 3 | F26: =C26-E26-G26 -> 4 | G26: 1 | H26: TOP MIDD SHELL | I26: 1 | J26: =PI()*DIA*T.M.S.H*I26 -> 0.75398224 | K26: =PI()*DIA*T.M.S.H -> 0.75398224 | L26: =K26*E26*I26 -> 2.2619467 | M26: =K26*F26*I26 -> 3.0159289 | N26: =K26*G26*I26 -> 0.75398224
C27: 8 | E27: 3 | F27: =C27-E27-G27 -> 4 | G27: 1 | H27: TOP SHELL | I27: 1 | J27: =PI()*DIA*T.S.H*I27 -> 0.75398224 | K27: =PI()*DIA*T.S.H -> 0.75398224 | L27: =K27*E27*I27 -> 2.2619467 | M27: =K27*F27*I27 -> 3.0159289 | N27: =K27*G27*I27 -> 0.75398224
C28: 5 | E28: 0 | F28: 0 | G28: 0 | H28: CON TOP | I28: 1 | J28: =((DIA^2)/(COS(ANGLE*PI()/180)))*I28 -> 1.0352762 | K28: =PI()/4*((DIA^2)/(COS(ANGLE*PI()/180))) -> 0.81310401 | L28: =K28*E28*I28 -> 0 | M28: =K28*F28*I28 -> 0 | N28: =K28*G28*I28 -> 0
C29: 8 | E29: 3 | F29: =C29-E29-G29 -> 4 | G29: 1 | H29: FLAT BOTTM | I29: 1 | J29: =(DIA^2)*I29 -> 1 | K29: =(PI()/4)*(DIA^2) -> 0.78539816 | L29: =K29*E29*I29 -> 2.3561945 | M29: =K29*F29*I29 -> 3.1415927 | N29: =K29*G29*I29 -> 0.78539816
C30: 18 | E30: 3 | F30: =C30-E30-G30 -> 14 | G30: 1 | H30: BODY FLG | I30: 1 | J30: =((DIA+0.2)^2)*I30 -> 1.44 | K30: =((PI()/4)*((DIA+0.2)^2-DIA^2)) -> 0.34557519 | L30: =K30*E30*I30 -> 1.0367256 | M30: =K30*F30*I30 -> 4.8380527 | N30: =K30*G30*I30 -> 0.34557519
C31: 18 | E31: 3 | F31: =C31-E31-G31 -> 14 | G31: 1 | H31: TOP COVER | I31: 1 | J31: =((DIA+0.2)^2)*I31 -> 1.44 | K31: =((PI()/4)*((DIA+0.2)^2)) -> 1.1309734 | L31: =K31*E31*I31 -> 3.3929201 | M31: =K31*F31*I31 -> 15.833627 | N31: =K31*G31*I31 -> 1.1309734
C32: =CEILING((C31+C23)*0.5,1) -> 13 | F32: =C32-E32-G32 -> 13 | H32: R/F - BOTTOM | I32: 1 | K32: =PI()*DIA*(2*2*SQRT(DIA*((C32)/1000/2))) -> 1.0131332 | M32: =K32*F32*I32 -> 13.170731
C33: =CEILING((C31+C27)*0.5,1) -> 13 | F33: =C33-E33-G33 -> 13 | H33: R/F - TOP | I33: 1 | K33: =PI()*DIA*(2*2*SQRT(DIA*((C33)/1000/2))) -> 1.0131332 | M33: =K33*F33*I33 -> 13.170731
C34: 0 | F34: =C34-E34-G34 -> 0 | H34: R/F -LUGS SUPPORT | I34: 1 | K34: =PI()*DIA*0.45 -> 1.4137167 | M34: =K34*F34*I34 -> 0
C35: 0 | F35: =C35-E35-G35 -> 0 | H35: STFFENER @TOP | I35: 0 | K35: =(DIA)/(COS(ANGLE*PI()/180))*((50+75+75+75+50)/1000) -> 0.33646476 | M35: =K35*F35*I35 -> 0
C36: 0 | F36: =C36-E36-G36 -> 0 | H36: SHEL STIFF | I36: 0 | K36: =PI()*DIA*0.4 -> 1.2566371 | M36: =K36*F36*I36 -> 0
V37: FLG. THICKNESS | X37: PIPE THICKNESS | Z37: FLG. AREA | AB37: PIPE AREA | AD37: TOTAL
Q38: NOZZLE | R38: PIPE SIZE | S38: PIPE LENGTH | T38: FLG. OD | U38: AREA | V38: PP | W38: FRP | X38: PP | Y38: FRP | Z38: PP | AA38: FRP | AB38: PP | AC38: FRP | AD38: PP (Sq.M) | AE38: FRP (Sq. M- mm)
P39: N001 | Q39: N001 | R39: 0 | S39: 0 | T39: 0 | U39: =((PI()/4)*(T39^2-R39^2))+(PI()*R39*S39) -> 0 | V39: 5 | W39: 12 | X39: 5 | Y39: 5 | Z39: =(T39^2)*CEILING(V39/4,1) -> 0 | AA39: =((PI()/4)*(T39^2-R39^2))*W39 -> 0 | AB39: =+(PI()*R39*S39)*CEILING(X39/3,1) -> 0 | AC39: =+(PI()*R39*S39)*Y39 -> 0 | AD39: =+Z39+AB39 -> 0 | AE39: =+AA39+AC39 -> 0
H40: N040 | I40: 4 | J40: =LOOKUP(H40,NOZZLE1,PP_AREA)*I40 -> 0.27982845 | L40: 1.39 | M40: =L40*I40 -> 5.56 | P40: N015 | Q40: N015 | R40: 0.015 | S40: 0.15 | T40: 0.089 | U40: =((PI()/4)*(T40^2-R40^2))+(PI()*R40*S40) -> 0.013113008 | V40: 5 | W40: 12 | X40: 5 | Y40: 5 | Z40: =(T40^2)*CEILING(V40/4,1) -> 0.015842 | AA40: =((PI()/4)*(T40^2-R40^2))*W40 -> 0.072533091 | AB40: =+(PI()*R40*S40)*CEILING(X40/3,1) -> 0.014137167 | AC40: =+(PI()*R40*S40)*Y40 -> 0.035342917 | AD40: =+Z40+AB40 -> 0.029979167 | AE40: =+AA40+AC40 -> 0.10787601
H41: N050 | I41: 2 | J41: =LOOKUP(H41,NOZZLE1,PP_AREA)*I41 -> 0.18666378 | L41: 1.7 | M41: =L41*I41 -> 3.4 | P41: N020 | Q41: N020 | R41: 0.02 | S41: 0.15 | T41: 0.098 | U41: =((PI()/4)*(T41^2-R41^2))+(PI()*R41*S41) -> 0.016653583 | V41: 5 | W41: 12 | X41: 5 | Y41: 5 | Z41: =(T41^2)*CEILING(V41/4,1) -> 0.019208 | AA41: =((PI()/4)*(T41^2-R41^2))*W41 -> 0.086745656 | AB41: =+(PI()*R41*S41)*CEILING(X41/3,1) -> 0.018849556 | AC41: =+(PI()*R41*S41)*Y41 -> 0.04712389 | AD41: =+Z41+AB41 -> 0.038057556 | AE41: =+AA41+AC41 -> 0.13386955
H42: N100 | I42: 3 | J42: =LOOKUP(H42,NOZZLE1,PP_AREA)*I42 -> 0.59738934 | L42: 1.9 | M42: =L42*I42 -> 5.7 | P42: N025 | Q42: N025 | R42: 0.025 | S42: 0.15 | T42: 0.108 | U42: =((PI()/4)*(T42^2-R42^2))+(PI()*R42*S42) -> 0.020450983 | V42: 5 | W42: 12 | X42: 5 | Y42: 5 | Z42: =(T42^2)*CEILING(V42/4,1) -> 0.023328 | AA42: =((PI()/4)*(T42^2-R42^2))*W42 -> 0.10404012 | AB42: =+(PI()*R42*S42)*CEILING(X42/3,1) -> 0.023561945 | AC42: =+(PI()*R42*S42)*Y42 -> 0.058904862 | AD42: =+Z42+AB42 -> 0.046889945 | AE42: =+AA42+AC42 -> 0.16294499
H43: N100 | I43: 0 | J43: =LOOKUP(H43,NOZZLE1,PP_AREA)*I43 -> 0 | L43: 1.55 | M43: =L43*I43 -> 0 | P43: N040 | Q43: N040 | R43: 0.04 | S43: 0.15 | T43: 0.127 | U43: =((PI()/4)*(T43^2-R43^2))+(PI()*R43*S43) -> 0.030260606 | V43: 5 | W43: 15 | X43: 5 | Y43: 6 | Z43: =(T43^2)*CEILING(V43/4,1) -> 0.032258 | AA43: =((PI()/4)*(T43^2-R43^2))*W43 -> 0.17116575 | AB43: =+(PI()*R43*S43)*CEILING(X43/3,1) -> 0.037699112 | AC43: =+(PI()*R43*S43)*Y43 -> 0.11309734 | AD43: =+Z43+AB43 -> 0.069957112 | AE43: =+AA43+AC43 -> 0.28426308
H44: N450 | I44: 0 | J44: =LOOKUP(H44,NOZZLE1,PP_AREA)*I44 -> 0 | L44: 7.34 | M44: =L44*I44 -> 0 | P44: N050 | Q44: N050 | R44: 0.05 | S44: 0.15 | T44: 0.152 | U44: =((PI()/4)*(T44^2-R44^2))+(PI()*R44*S44) -> 0.039744289 | V44: 5 | W44: 15 | X44: 5 | Y44: 6 | Z44: =(T44^2)*CEILING(V44/4,1) -> 0.046208 | AA44: =((PI()/4)*(T44^2-R44^2))*W44 -> 0.24273516 | AB44: =+(PI()*R44*S44)*CEILING(X44/3,1) -> 0.04712389 | AC44: =+(PI()*R44*S44)*Y44 -> 0.14137167 | AD44: =+Z44+AB44 -> 0.09333189 | AE44: =+AA44+AC44 -> 0.38410683
H45: N500 | I45: 0 | J45: =LOOKUP(H45,NOZZLE1,PP_AREA)*I45 -> 0 | M45: SH.MH | P45: N065 | Q45: N065 | R45: 0.065 | S45: 0.15 | T45: 0.178 | U45: =((PI()/4)*(T45^2-R45^2))+(PI()*R45*S45) -> 0.052196777 | V45: 5 | W45: 18 | X45: 5 | Y45: 6 | Z45: =(T45^2)*CEILING(V45/4,1) -> 0.063368 | AA45: =((PI()/4)*(T45^2-R45^2))*W45 -> 0.38819247 | AB45: =+(PI()*R45*S45)*CEILING(X45/3,1) -> 0.061261057 | AC45: =+(PI()*R45*S45)*Y45 -> 0.18378317 | AD45: =+Z45+AB45 -> 0.12462906 | AE45: =+AA45+AC45 -> 0.57197564
H46: N600 | I46: 0 | J46: =LOOKUP(H46,NOZZLE1,PP_AREA)*I46 -> 0 | P46: N080 | Q46: N080 | R46: 0.08 | S46: 0.15 | T46: 0.191 | U46: =((PI()/4)*(T46^2-R46^2))+(PI()*R46*S46) -> 0.061324674 | V46: 5 | W46: 18 | X46: 5 | Y46: 7 | Z46: =(T46^2)*CEILING(V46/4,1) -> 0.072962 | AA46: =((PI()/4)*(T46^2-R46^2))*W46 -> 0.42526012 | AB46: =+(PI()*R46*S46)*CEILING(X46/3,1) -> 0.075398224 | AC46: =+(PI()*R46*S46)*Y46 -> 0.26389378 | AD46: =+Z46+AB46 -> 0.14836022 | AE46: =+AA46+AC46 -> 0.6891539
H47: N600 | I47: 0 | J47: =LOOKUP(H47,NOZZLE1,PP_AREA)*I47 -> 0 | P47: N100 | Q47: N100 | R47: 0.1 | S47: 0.15 | T47: 0.229 | U47: =((PI()/4)*(T47^2-R47^2))+(PI()*R47*S47) -> 0.080456973 | V47: 5 | W47: 20 | X47: 5 | Y47: 7 | Z47: =(T47^2)*CEILING(V47/4,1) -> 0.104882 | AA47: =((PI()/4)*(T47^2-R47^2))*W47 -> 0.66666167 | AB47: =+(PI()*R47*S47)*CEILING(X47/3,1) -> 0.09424778 | AC47: =+(PI()*R47*S47)*Y47 -> 0.32986723 | AD47: =+Z47+AB47 -> 0.19912978 | AE47: =+AA47+AC47 -> 0.9965289
H48: N400 | I48: 0 | J48: =LOOKUP(H48,NOZZLE1,PP_AREA)*I48 -> 0 | P48: N125 | Q48: N125 | R48: 0.125 | S48: 0.15 | T48: 0.254 | U48: =((PI()/4)*(T48^2-R48^2))+(PI()*R48*S48) -> 0.097303764 | V48: 5 | W48: 20 | X48: 5 | Y48: 7 | Z48: =(T48^2)*CEILING(V48/4,1) -> 0.129032 | AA48: =((PI()/4)*(T48^2-R48^2))*W48 -> 0.76797803 | AB48: =+(PI()*R48*S48)*CEILING(X48/3,1) -> 0.11780972 | AC48: =+(PI()*R48*S48)*Y48 -> 0.41233404 | AD48: =+Z48+AB48 -> 0.24684172 | AE48: =+AA48+AC48 -> 1.1803121
H49: N600 | I49: 0 | J49: =LOOKUP(H49,NOZZLE1,PP_AREA)*I49 -> 0 | P49: N150 | Q49: N150 | R49: 0.15 | S49: 0.15 | T49: 0.279 | U49: =((PI()/4)*(T49^2-R49^2))+(PI()*R49*S49) -> 0.11415055 | V49: 5 | W49: 20 | X49: 5 | Y49: 8 | Z49: =(T49^2)*CEILING(V49/4,1) -> 0.155682 | AA49: =((PI()/4)*(T49^2-R49^2))*W49 -> 0.8692944 | AB49: =+(PI()*R49*S49)*CEILING(X49/3,1) -> 0.14137167 | AC49: =+(PI()*R49*S49)*Y49 -> 0.56548668 | AD49: =+Z49+AB49 -> 0.29705367 | AE49: =+AA49+AC49 -> 1.4347811
H50: N600 | I50: 0 | J50: =LOOKUP(H50,NOZZLE1,PP_AREA)*I50 -> 0 | P50: N200 | Q50: N200 | R50: 0.2 | S50: 0.15 | T50: 0.33 | U50: =((PI()/4)*(T50^2-R50^2))+(PI()*R50*S50) -> 0.14836171 | V50: 5 | W50: 22 | X50: 5 | Y50: 8 | Z50: =(T50^2)*CEILING(V50/4,1) -> 0.2178 | AA50: =((PI()/4)*(T50^2-R50^2))*W50 -> 1.1905065 | AB50: =+(PI()*R50*S50)*CEILING(X50/3,1) -> 0.18849556 | AC50: =+(PI()*R50*S50)*Y50 -> 0.75398224 | AD50: =+Z50+AB50 -> 0.40629556 | AE50: =+AA50+AC50 -> 1.9444888
H51: N250 | I51: 0 | J51: =LOOKUP(H51,NOZZLE1,PP_AREA)*I51 -> 0 | P51: N250 | Q51: N250 | R51: 0.25 | S51: 0.15 | T51: 0.38 | U51: =((PI()/4)*(T51^2-R51^2))+(PI()*R51*S51) -> 0.18213383 | V51: 5 | W51: 22 | X51: 5 | Y51: 8 | Z51: =(T51^2)*CEILING(V51/4,1) -> 0.2888 | AA51: =((PI()/4)*(T51^2-R51^2))*W51 -> 1.4151304 | AB51: =+(PI()*R51*S51)*CEILING(X51/3,1) -> 0.23561945 | AC51: =+(PI()*R51*S51)*Y51 -> 0.9424778 | AD51: =+Z51+AB51 -> 0.52441945 | AE51: =+AA51+AC51 -> 2.3576082
H52: N300 | I52: 0 | J52: =LOOKUP(H52,NOZZLE1,PP_AREA)*I52 -> 0 | P52: N300 | Q52: N300 | R52: 0.3 | S52: 0.15 | T52: 0.43 | U52: =((PI()/4)*(T52^2-R52^2))+(PI()*R52*S52) -> 0.21590596 | V52: 5 | W52: 25 | X52: 5 | Y52: 8 | Z52: =(T52^2)*CEILING(V52/4,1) -> 0.3698 | AA52: =((PI()/4)*(T52^2-R52^2))*W52 -> 1.8633571 | AB52: =+(PI()*R52*S52)*CEILING(X52/3,1) -> 0.28274334 | AC52: =+(PI()*R52*S52)*Y52 -> 1.1309734 | AD52: =+Z52+AB52 -> 0.65254334 | AE52: =+AA52+AC52 -> 2.9943305
H53: N350 | I53: 0 | J53: =LOOKUP(H53,NOZZLE1,PP_AREA)*I53 -> 0 | P53: N350 | Q53: N350 | R53: 0.35 | S53: 0.15 | T53: 0.48 | U53: =((PI()/4)*(T53^2-R53^2))+(PI()*R53*S53) -> 0.24967808 | V53: 5 | W53: 25 | X53: 5 | Y53: 9 | Z53: =(T53^2)*CEILING(V53/4,1) -> 0.4608 | AA53: =((PI()/4)*(T53^2-R53^2))*W53 -> 2.1186115 | AB53: =+(PI()*R53*S53)*CEILING(X53/3,1) -> 0.32986723 | AC53: =+(PI()*R53*S53)*Y53 -> 1.4844025 | AD53: =+Z53+AB53 -> 0.79066723 | AE53: =+AA53+AC53 -> 3.6030141
H54: N400 | I54: 0 | J54: =LOOKUP(H54,NOZZLE1,PP_AREA)*I54 -> 0 | P54: N400 | Q54: N400 | R54: 0.4 | S54: 0.15 | T54: 0.53 | U54: =((PI()/4)*(T54^2-R54^2))+(PI()*R54*S54) -> 0.2834502 | V54: 5 | W54: 25 | X54: 5 | Y54: 9 | Z54: =(T54^2)*CEILING(V54/4,1) -> 0.5618 | AA54: =((PI()/4)*(T54^2-R54^2))*W54 -> 2.3738659 | AB54: =+(PI()*R54*S54)*CEILING(X54/3,1) -> 0.37699112 | AC54: =+(PI()*R54*S54)*Y54 -> 1.69646 | AD54: =+Z54+AB54 -> 0.93879112 | AE54: =+AA54+AC54 -> 4.070326
H55: N450 | I55: 0 | J55: =LOOKUP(H55,NOZZLE1,PP_AREA)*I55 -> 0 | P55: N450 | Q55: N450 | R55: 0.45 | S55: 0.15 | T55: 0.58 | U55: =((PI()/4)*(T55^2-R55^2))+(PI()*R55*S55) -> 0.31722232 | V55: 5 | W55: 25 | X55: 5 | Y55: 9 | Z55: =(T55^2)*CEILING(V55/4,1) -> 0.6728 | AA55: =((PI()/4)*(T55^2-R55^2))*W55 -> 2.6291204 | AB55: =+(PI()*R55*S55)*CEILING(X55/3,1) -> 0.42411501 | AC55: =+(PI()*R55*S55)*Y55 -> 1.9085175 | AD55: =+Z55+AB55 -> 1.096915 | AE55: =+AA55+AC55 -> 4.5376379
H56: N500 | I56: 0 | J56: =LOOKUP(H56,NOZZLE1,PP_AREA)*I56 -> 0 | P56: N500 | Q56: N500 | R56: 0.5 | S56: 0.15 | T56: 0.63 | U56: =((PI()/4)*(T56^2-R56^2))+(PI()*R56*S56) -> 0.35099444 | V56: 5 | W56: 28 | X56: 5 | Y56: 10 | Z56: =(T56^2)*CEILING(V56/4,1) -> 0.7938 | AA56: =((PI()/4)*(T56^2-R56^2))*W56 -> 3.2304997 | AB56: =+(PI()*R56*S56)*CEILING(X56/3,1) -> 0.4712389 | AC56: =+(PI()*R56*S56)*Y56 -> 2.3561945 | AD56: =+Z56+AB56 -> 1.2650389 | AE56: =+AA56+AC56 -> 5.5866942
H57: N600 | I57: 0 | J57: =LOOKUP(H57,NOZZLE1,PP_AREA)*I57 -> 0 | P57: N600 | Q57: N600 | R57: 0.6 | S57: 0.15 | T57: 0.73 | U57: =((PI()/4)*(T57^2-R57^2))+(PI()*R57*S57) -> 0.41853868 | V57: 5 | W57: 30 | X57: 5 | Y57: 11 | Z57: =(T57^2)*CEILING(V57/4,1) -> 1.0658 | AA57: =((PI()/4)*(T57^2-R57^2))*W57 -> 4.0738603 | AB57: =+(PI()*R57*S57)*CEILING(X57/3,1) -> 0.56548668 | AC57: =+(PI()*R57*S57)*Y57 -> 3.1101767 | AD57: =+Z57+AB57 -> 1.6312867 | AE57: =+AA57+AC57 -> 7.184037
V58: THICKNESS
Q59: B.FLANGE | R59: PIPE SIZE | S59: PIPE LENGTH | T59: FLG. OD | U59: AREA | V59: PP | W59: FRP
P60: B001 | Q60: B001 | R60: 0 | S60: 0 | T60: 0 | U60: =((PI()/4)*(T60^2)) -> 0 | V60: 5 | W60: 12
E61: =LOOKUP(H61,B.FLG,B.FLG.FRP) -> 15 | H61: B040 | I61: 1 | J61: =LOOKUP(H61,B.FLG,B.FLG.AREA)*(CEILING(D61/3,1))*I61 -> 0 | K61: =LOOKUP(H61,B.FLG,B.FLG.AREA) -> 0.012667687 | L61: 0.22 | M61: =L61*I61 -> 0.22 | P61: B015 | Q61: B015 | R61: 0.015 | S61: 0.15 | T61: 0.089 | U61: =((PI()/4)*(T61^2)) -> 0.0062211389 | V61: 5 | W61: 12
E62: =LOOKUP(H62,B.FLG,B.FLG.FRP) -> 18 | H62: B100 | I62: 0 | J62: =LOOKUP(H62,B.FLG,B.FLG.AREA)*(CEILING(D62/3,1))*I62 -> 0 | K62: =LOOKUP(H62,B.FLG,B.FLG.AREA) -> 0.041187065 | L62: 0.61 | M62: =L62*I62 -> 0 | P62: B020 | Q62: B020 | R62: 0.02 | S62: 0.15 | T62: 0.098 | U62: =((PI()/4)*(T62^2)) -> 0.007542964 | V62: 5 | W62: 12
E63: =LOOKUP(H63,B.FLG,B.FLG.FRP) -> 18 | H63: B080 | I63: 0 | J63: =LOOKUP(H63,B.FLG,B.FLG.AREA)*(CEILING(D63/3,1))*I63 -> 0 | K63: =LOOKUP(H63,B.FLG,B.FLG.AREA) -> 0.02865211 | L63: 0.38 | M63: =L63*I63 -> 0 | P63: B025 | Q63: B025 | R63: 0.025 | S63: 0.15 | T63: 0.108 | U63: =((PI()/4)*(T63^2)) -> 0.0091608842 | V63: 5 | W63: 12
E64: =LOOKUP(H64,B.FLG,B.FLG.FRP) -> 18 | H64: B100 | I64: 0 | J64: =LOOKUP(H64,B.FLG,B.FLG.AREA)*(CEILING(D64/3,1))*I64 -> 0 | K64: =LOOKUP(H64,B.FLG,B.FLG.AREA) -> 0.041187065 | L64: 0.46 | M64: =L64*I64 -> 0 | P64: B040 | Q64: B040 | R64: 0.04 | S64: 0.15 | T64: 0.127 | U64: =((PI()/4)*(T64^2)) -> 0.012667687 | V64: 5 | W64: 15
E65: =LOOKUP(H65,B.FLG,B.FLG.FRP) -> 25 | H65: B450 | I65: 0 | J65: =LOOKUP(H65,B.FLG,B.FLG.AREA)*(CEILING(D65/3,1))*I65 -> 0 | K65: =LOOKUP(H65,B.FLG,B.FLG.AREA)*1.5 -> 0.39631191 | L65: 4.46 | M65: =L65*I65 -> 0 | P65: B050 | Q65: B050 | R65: 0.05 | S65: 0.15 | T65: 0.152 | U65: =((PI()/4)*(T65^2)) -> 0.018145839 | V65: 5 | W65: 15
E66: =LOOKUP(H66,B.FLG,B.FLG.FRP) -> 30 | H66: B600 | I66: 0 | J66: =LOOKUP(H66,B.FLG,B.FLG.AREA)*(CEILING(D66/3,1))*I66 -> 0 | K66: =LOOKUP(H66,B.FLG,B.FLG.AREA) -> 0.41853868 | L66: =+E66*K66*I66 -> 0 | P66: B065 | Q66: B065 | R66: 0.065 | S66: 0.15 | T66: 0.178 | U66: =((PI()/4)*(T66^2)) -> 0.024884555 | V66: 5 | W66: 15
E67: =LOOKUP(H67,B.FLG,B.FLG.FRP) -> 30 | H67: B600 | I67: 0 | J67: =LOOKUP(H67,B.FLG,B.FLG.AREA)*(CEILING(D67/3,1))*I67 -> 0 | K67: =LOOKUP(H67,B.FLG,B.FLG.AREA) -> 0.41853868 | L67: =+E67*K67*I67*2 -> 0 | M67: SH.MH | P67: B080 | Q67: B080 | R67: 0.08 | S67: 0.15 | T67: 0.191 | U67: =((PI()/4)*(T67^2)) -> 0.02865211 | V67: 5 | W67: 18
E68: =LOOKUP(H68,B.FLG,B.FLG.FRP) -> 30 | H68: B600 | I68: 0 | J68: =LOOKUP(H68,B.FLG,B.FLG.AREA)*(CEILING(D68/3,1))*I68 -> 0 | K68: =LOOKUP(H68,B.FLG,B.FLG.AREA) -> 0.41853868 | L68: =+E68*K68*I68 -> 0 | P68: B100 | Q68: B100 | R68: 0.1 | S68: 0.15 | T68: 0.229 | U68: =((PI()/4)*(T68^2)) -> 0.041187065 | V68: 5 | W68: 18
E69: =LOOKUP(H69,B.FLG,B.FLG.FRP) -> 30 | H69: B600 | I69: 0 | J69: =LOOKUP(H69,B.FLG,B.FLG.AREA)*(CEILING(D69/3,1))*I69 -> 0 | K69: =LOOKUP(H69,B.FLG,B.FLG.AREA) -> 0.41853868 | L69: =+E69*K69*I69 -> 0 | P69: B125 | Q69: B125 | R69: 0.125 | S69: 0.15 | T69: 0.254 | U69: =((PI()/4)*(T69^2)) -> 0.050670748 | V69: 5 | W69: 18
E70: =LOOKUP(H70,B.FLG,B.FLG.FRP) -> 20 | H70: B150 | I70: 0 | J70: =LOOKUP(H70,B.FLG,B.FLG.AREA)*(CEILING(D70/3,1))*I70 -> 0 | K70: =LOOKUP(H70,B.FLG,B.FLG.AREA) -> 0.061136178 | L70: =+E70*K70*I70 -> 0 | P70: B150 | Q70: B150 | R70: 0.15 | S70: 0.15 | T70: 0.279 | U70: =((PI()/4)*(T70^2)) -> 0.061136178 | V70: 5 | W70: 20
E71: =LOOKUP(H71,B.FLG,B.FLG.FRP) -> 20 | H71: B200 | I71: 0 | J71: =LOOKUP(H71,B.FLG,B.FLG.AREA)*(CEILING(D71/3,1))*I71 -> 0 | K71: =LOOKUP(H71,B.FLG,B.FLG.AREA) -> 0.08552986 | L71: =+E71*K71*I71 -> 0 | P71: B200 | Q71: B200 | R71: 0.2 | S71: 0.15 | T71: 0.33 | U71: =((PI()/4)*(T71^2)) -> 0.08552986 | V71: 5 | W71: 20
E72: =LOOKUP(H72,B.FLG,B.FLG.FRP) -> 22 | H72: B250 | I72: 0 | J72: =LOOKUP(H72,B.FLG,B.FLG.AREA)*(CEILING(D72/3,1))*I72 -> 0 | K72: =LOOKUP(H72,B.FLG,B.FLG.AREA) -> 0.11341149 | L72: =+E72*K72*I72 -> 0 | P72: B250 | Q72: B250 | R72: 0.25 | S72: 0.15 | T72: 0.38 | U72: =((PI()/4)*(T72^2)) -> 0.11341149 | V72: 5 | W72: 22
E73: =LOOKUP(H73,B.FLG,B.FLG.FRP) -> 22 | H73: B300 | I73: 0 | J73: =LOOKUP(H73,B.FLG,B.FLG.AREA)*(CEILING(D73/3,1))*I73 -> 0 | K73: =LOOKUP(H73,B.FLG,B.FLG.AREA) -> 0.14522012 | L73: =+E73*K73*I73 -> 0 | P73: B300 | Q73: B300 | R73: 0.3 | S73: 0.15 | T73: 0.43 | U73: =((PI()/4)*(T73^2)) -> 0.14522012 | V73: 5 | W73: 22
E74: =LOOKUP(H74,B.FLG,B.FLG.FRP) -> 25 | H74: B350 | I74: 0 | J74: =LOOKUP(H74,B.FLG,B.FLG.AREA)*(CEILING(D74/3,1))*I74 -> 0 | K74: =LOOKUP(H74,B.FLG,B.FLG.AREA) -> 0.18095574 | L74: =+E74*K74*I74 -> 0 | P74: B350 | Q74: B350 | R74: 0.35 | S74: 0.15 | T74: 0.48 | U74: =((PI()/4)*(T74^2)) -> 0.18095574 | V74: 5 | W74: 25
E75: =LOOKUP(H75,B.FLG,B.FLG.FRP) -> 25 | H75: B400 | I75: 0 | J75: =LOOKUP(H75,B.FLG,B.FLG.AREA)*(CEILING(D75/3,1))*I75 -> 0 | K75: =LOOKUP(H75,B.FLG,B.FLG.AREA) -> 0.22061834 | L75: =+E75*K75*I75 -> 0 | P75: B400 | Q75: B400 | R75: 0.4 | S75: 0.15 | T75: 0.53 | U75: =((PI()/4)*(T75^2)) -> 0.22061834 | V75: 5 | W75: 25
E76: =LOOKUP(H76,B.FLG,B.FLG.FRP) -> 25 | H76: B450 | I76: 0 | J76: =LOOKUP(H76,B.FLG,B.FLG.AREA)*(CEILING(D76/3,1))*I76 -> 0 | K76: =LOOKUP(H76,B.FLG,B.FLG.AREA) -> 0.26420794 | L76: =+E76*K76*I76 -> 0 | P76: B450 | Q76: B450 | R76: 0.45 | S76: 0.15 | T76: 0.58 | U76: =((PI()/4)*(T76^2)) -> 0.26420794 | V76: 5 | W76: 25
E77: =LOOKUP(H77,B.FLG,B.FLG.FRP) -> 28 | H77: B500 | I77: 0 | J77: =LOOKUP(H77,B.FLG,B.FLG.AREA)*(CEILING(D77/3,1))*I77 -> 0 | K77: =LOOKUP(H77,B.FLG,B.FLG.AREA) -> 0.31172453 | L77: =+E77*K77*I77 -> 0 | P77: B500 | Q77: B500 | R77: 0.5 | S77: 0.15 | T77: 0.63 | U77: =((PI()/4)*(T77^2)) -> 0.31172453 | V77: 5 | W77: 28
E78: =LOOKUP(H78,B.FLG,B.FLG.FRP) -> 30 | H78: B600 | I78: 0 | J78: =LOOKUP(H78,B.FLG,B.FLG.AREA)*(CEILING(D78/3,1))*I78 -> 0 | K78: =LOOKUP(H78,B.FLG,B.FLG.AREA) -> 0.41853868 | L78: =+E78*K78*I78 -> 0 | P78: B600 | Q78: B600 | R78: 0.6 | S78: 0.15 | T78: 0.73 | U78: =((PI()/4)*(T78^2)) -> 0.41853868 | V78: 5 | W78: 30
J80: =SUM(J40:J79)*1.35 -> 1.4362401 | M80: =SUM(M40:M79)*1.25 -> 18.6
J81: =J21 -> 0 | L81: =L21 -> BIS | M81: =L21 -> BIS | N81: =M21 -> BIS
C82: ='01_1.35 KL'!C82 -> MOC BY PARAMOUNT & THK AS PER JRF | J82: =SUM(J23:J37) -> 8.6851874 | L82: =SUM(L23:L37) -> 18.095574 | M82: =SUM(M23:M37) -> 65.23438 | N82: =SUM(N23:N37) -> 6.0318579
J83: Sq.M | L83: Sq.M-mm | M83: Sq.M-mm | N83: Sq.M-mm
B84: SR. NO | C84: Descreption | H84: Rate | J84: Cost
B85: 01 | C85: Cost of MM | D85: =J81 -> 0 | G85: =CEILING(J82*1.05,1) -> 10 | H85: ='RESIN RATE'!E12 -> 0 | I85: = | J85: =+G85*H85 -> 0 | N85: =+J81 -> 0
B86: 02 | C86: Cost of | D86: =L81 -> BIS | E86: INDIAN | G86: =CEILING(L82*1.1,1) -> 20 | H86: ='RESIN RATE'!D12 -> 565 | I86: = | J86: =+G86*H86 -> 11300 | N86: MFG
B87: 03 | C87: Cost of | D87: =M81 -> BIS | E87: INDIAN | G87: =CEILING(M82*1.1,1) -> 72 | H87: ='RESIN RATE'!D12 -> 565 | I87: = | J87: =+G87*H87 -> 40680 | N87: MFG
B88: 04 | C88: Cost of | D88: =N81 -> BIS | E88: INDIAN | G88: =CEILING(N82*1.1,1) -> 7 | H88: ='RESIN RATE'!D12 -> 565 | I88: = | J88: =+G88*H88 -> 3955 | N88: MFG
B89: 06 | C89: PP Welding Rod | G89: 1 | H89: =CEILING(G85*100,50) -> 1000 | I89: = | J89: =+G89*H89 -> 1000 | N89: B/O
B90: 07 | C90: BAFFLES 100 X 1200 X 10 mm THK | G90: 4 | H90: =CEILING((0.1*1.2*10)*1.25*H86,50) -> 850 | I90: = | J90: =+G90*H90 -> 3400 | K90: =J90/H86 -> 6.0176991 | N90: B/O | Q90: GOOSE NECK
C91: NOZZLE AGITATOR- 300x300x150 L | G91: 1 | H91: =CEILING((0.3*0.15*4*8+0.3*0.3*20*0.1+0.3*0.3*20)*1.25*H86,50) -> 2450 | I91: = | J91: =+G91*H91 -> 2450 | K91: =J91/H87 -> 4.3362832
B92: 08 | C92: Nozzle | G92: 1 | H92: =CEILING((SUM(J40:J78)*H85+SUM(M40:M65)*H86)*1.15,500) -> 10000 | I92: = | J92: =+G92*H92 -> 10000 | N92: MFG
B93: 09 | C93: Nut-Bolt- SS 304 | G93: 1 | H93: =CEILING((120*1+3000*1)*1.2,100) -> 3800 | I93: = | J93: =+G93*H93 -> 3800 | N93: B/O
B94: 10 | C94: Gasket-_EPDM | G94: 1 | H94: =CEILING((75*0+300*1+3500*1)*1.1,100) -> 4200 | I94: = | J94: =+G94*H94 -> 4200 | N94: B/O
B95: 11 | C95: 10% Nut-Bolt (MIN 4 NOS) | G95: 0 | H95: =H93*0.9 -> 3420 | I95: = | J95: =+G95*H95 -> 0 | N95: B/O
B96: 12 | C96: 2 Set Gasket | G96: 0 | H96: =H94 -> 4200 | I96: = | J96: =+G96*H96 -> 0 | N96: B/O
C97: NEOPRENE RUBBER | G97: 1 | H97: =CEILING(PI()/4*(DIA^2)*12*2*80,50) -> 1550 | I97: = | J97: =+G97*H97 -> 1550 | N97: B/O
B98: 13 | C98: LEVEL INDICATOR-FLOAT & BOARD TYPE | G98: 0 | H98: 20000 | I98: = | J98: =+G98*H98 -> 0 | N98: B/O
B99: 14 | C99: Anchor Bolts | G99: 4 | H99: 500 | I99: = | J99: =+G99*H99 -> 2000 | N99: B/O
B100: 15 | C100: Holdown Lugs | G100: 3 | H100: =0.2*10*H86 -> 1130 | I100: = | J100: =+G100*H100 -> 3390 | K100: =J100/H86 -> 6 | N100: MFG
C101: Lifting Lugs | G101: 3 | H101: =CEILING(2.4*110+0.9*H86,10) -> 780 | I101: = | J101: =+G101*H101 -> 2340 | K101: =0.9*G101 -> 2.7 | N101: MS
B102: 16 | C102: MS LUG SUPPORT | G102: 0 | H102: =CEILING((PI()*DIA*0.1*5+((0.2*0.2*18*2+0.15*0.15*12*2)*4))*8*75*1.25,500) -> 7500 | I102: = | J102: =+G102*H102 -> 0 | N102: MS
B103: 17 | C103: Ladder & Railing | G103: =CEILING(PI()*DIA+HT,1) -> 5 | H103: 0 | I103: = | J103: =+G103*H103 -> 0 | K103: =+J103/250 -> 0 | N103: MS
B104: 18 | C104: Name Plate | G104: 1 | H104: 750 | I104: = | J104: =+G104*H104 -> 750 | N104: B/O
B105: 19 | C105: Mould | G105: 0 | H105: 1000 | I105: = | J105: =+G105*H105 -> 0 | N105: MOULD
...

Sheet 06_0.330 KL
C1: DATE | D1: ='01_1.35 KL'!D1 -> 44551 | E1: R1
C2: DATE | D2: ='01_1.35 KL'!D2 -> 44530 | E2: R0 | M2: ='01_1.35 KL'!M2:M4 -> R1 | N2: 03 & 06
C3: TYPE | D3: VERTICAL CYLINDRICAL WITH FLAT TOP WITH COVER AND FLAT BOTTOM
C4: CLIENT | D4: M/s PARAMOUNT
C5: CAPACITY | D5: =M11 -> 0.33929201 | E5: KL
C6: TITLE | D6: ACID MEASURING TANK (MB)
C10: DIAMETER | D10: =+J13/1000 -> 0.6 | F10: 21-T-006 A/B
C11: HEIGHT | D11: =+I13/1000 -> 1.2 | M11: =(PI()/4)*(DIA^2)*HT -> 0.33929201
C12: CONE ANGLE | D12: 15 | I12: HEIGHT | J12: DIAMETER
C13: B. SHELL HT. | D13: =+HT/5 -> 0.24 | I13: 1200 | J13: 600
C14: B.M. SHELL HT. | D14: =+HT/5 -> 0.24 | I14: (in mm) | J14: (in mm)
C15: M. SHELL HT. | D15: =+HT/5 -> 0.24
C16: T.M. SHELL HT. | D16: =+HT/5 -> 0.24
C17: T. SHELL HT. | D17: =+HT/5 -> 0.24
C18: D.E.D | D18: =+DIA*1.2+0.1 -> 0.82
D20: M.O.C- FRP (BISPHENOL)
D21: THK | H21: PART | I21: Qty | J21: =D22 -> 0 | K21: FRP AREA | L21: =E22 -> BIS | M21: =F22 -> BIS | N21: =G22 -> BIS
C22: THK | E22: BIS | F22: BIS | G22: BIS | J22: Sq.M | K22: Sq.M | L22: Sq.M-mm | M22: Sq.M-mm | N22: Sq.M-mm
C23: 8 | E23: 3 | F23: =C23-E23-G23 -> 4 | G23: 1 | H23: BOTTOM SHELL | I23: 1 | J23: =PI()*DIA*D13*I23 -> 0.45238934 | K23: =PI()*DIA*D13 -> 0.45238934 | L23: =K23*E23*I23 -> 1.357168 | M23: =K23*F23*I23 -> 1.8095574 | N23: =K23*G23*I23 -> 0.45238934
C24: 8 | E24: 3 | F24: =C24-E24-G24 -> 4 | G24: 1 | H24: BOTT MIDD SHELL | I24: 1 | J24: =PI()*DIA*B.M.S.H*I24 -> 0.45238934 | K24: =PI()*DIA*B.M.S.H -> 0.45238934 | L24: =K24*E24*I24 -> 1.357168 | M24: =K24*F24*I24 -> 1.8095574 | N24: =K24*G24*I24 -> 0.45238934
C25: 8 | E25: 3 | F25: =C25-E25-G25 -> 4 | G25: 1 | H25: MIDDLE SHELL | I25: 1 | J25: =PI()*DIA*M.S.H*I25 -> 0.45238934 | K25: =PI()*DIA*M.S.H -> 0.45238934 | L25: =K25*E25*I25 -> 1.357168 | M25: =K25*F25*I25 -> 1.8095574 | N25: =K25*G25*I25 -> 0.45238934
C26: 8 | E26: 3 | F26: =C26-E26-G26 -> 4 | G26: 1 | H26: TOP MIDD SHELL | I26: 1 | J26: =PI()*DIA*T.M.S.H*I26 -> 0.45238934 | K26: =PI()*DIA*T.M.S.H -> 0.45238934 | L26: =K26*E26*I26 -> 1.357168 | M26: =K26*F26*I26 -> 1.8095574 | N26: =K26*G26*I26 -> 0.45238934
C27: 8 | E27: 3 | F27: =C27-E27-G27 -> 4 | G27: 1 | H27: TOP SHELL | I27: 1 | J27: =PI()*DIA*T.S.H*I27 -> 0.45238934 | K27: =PI()*DIA*T.S.H -> 0.45238934 | L27: =K27*E27*I27 -> 1.357168 | M27: =K27*F27*I27 -> 1.8095574 | N27: =K27*G27*I27 -> 0.45238934
C28: 8 | E28: 0 | F28: 0 | G28: 0 | H28: CON TOP | I28: 1 | J28: =((DIA^2)/(COS(ANGLE*PI()/180)))*I28 -> 0.37269942 | K28: =PI()/4*((DIA^2)/(COS(ANGLE*PI()/180))) -> 0.29271744 | L28: =K28*E28*I28 -> 0 | M28: =K28*F28*I28 -> 0 | N28: =K28*G28*I28 -> 0
C29: 8 | E29: 3 | F29: =C29-E29-G29 -> 4 | G29: 1 | H29: FLAT BOTTM | I29: 1 | J29: =(DIA^2)*I29 -> 0.36 | K29: =(PI()/4)*(DIA^2) -> 0.28274334 | L29: =K29*E29*I29 -> 0.84823002 | M29: =K29*F29*I29 -> 1.1309734 | N29: =K29*G29*I29 -> 0.28274334
C30: 15 | E30: 3 | F30: =C30-E30-G30 -> 11 | G30: 1 | H30: BODY FLG | I30: 1 | J30: =((DIA+0.2)^2)*I30 -> 0.64 | K30: =((PI()/4)*((DIA+0.2)^2-DIA^2)) -> 0.21991149 | L30: =K30*E30*I30 -> 0.65973446 | M30: =K30*F30*I30 -> 2.4190263 | N30: =K30*G30*I30 -> 0.21991149
C31: 15 | E31: 3 | F31: =C31-E31-G31 -> 11 | G31: 1 | H31: TOP COVER | I31: 1 | J31: =((DIA+0.2)^2)*I31 -> 0.64 | K31: =((PI()/4)*((DIA+0.2)^2)) -> 0.50265482 | L31: =K31*E31*I31 -> 1.5079645 | M31: =K31*F31*I31 -> 5.5292031 | N31: =K31*G31*I31 -> 0.50265482
C32: =CEILING((C31+C23)*0.5,1) -> 12 | F32: =C32-E32-G32 -> 12 | H32: R/F - BOTTOM | I32: 1 | K32: =PI()*DIA*(2*2*SQRT(DIA*((C32)/1000/2))) -> 0.45238934 | M32: =K32*F32*I32 -> 5.4286721
C33: =CEILING((C31+C27)*0.5,1) -> 12 | F33: =C33-E33-G33 -> 12 | H33: R/F - TOP | I33: 1 | K33: =PI()*DIA*(2*2*SQRT(DIA*((C33)/1000/2))) -> 0.45238934 | M33: =K33*F33*I33 -> 5.4286721
C34: 0 | F34: =C34-E34-G34 -> 0 | H34: R/F -LUGS SUPPORT | I34: 1 | K34: =PI()*DIA*0.45 -> 0.84823002 | M34: =K34*F34*I34 -> 0
C35: 0 | F35: =C35-E35-G35 -> 0 | H35: STFFENER @TOP | I35: 0 | K35: =(DIA)/(COS(ANGLE*PI()/180))*((50+75+75+75+50)/1000) -> 0.20187886 | M35: =K35*F35*I35 -> 0
C36: 0 | F36: =C36-E36-G36 -> 0 | H36: SHEL STIFF | I36: 0 | K36: =PI()*DIA*0.4 -> 0.75398224 | M36: =K36*F36*I36 -> 0
V37: FLG. THICKNESS | X37: PIPE THICKNESS | Z37: FLG. AREA | AB37: PIPE AREA | AD37: TOTAL
Q38: NOZZLE | R38: PIPE SIZE | S38: PIPE LENGTH | T38: FLG. OD | U38: AREA | V38: PP | W38: FRP | X38: PP | Y38: FRP | Z38: PP | AA38: FRP | AB38: PP | AC38: FRP | AD38: PP (Sq.M) | AE38: FRP (Sq. M- mm)
P39: N001 | Q39: N001 | R39: 0 | S39: 0 | T39: 0 | U39: =((PI()/4)*(T39^2-R39^2))+(PI()*R39*S39) -> 0 | V39: 5 | W39: 12 | X39: 5 | Y39: 5 | Z39: =(T39^2)*CEILING(V39/4,1) -> 0 | AA39: =((PI()/4)*(T39^2-R39^2))*W39 -> 0 | AB39: =+(PI()*R39*S39)*CEILING(X39/3,1) -> 0 | AC39: =+(PI()*R39*S39)*Y39 -> 0 | AD39: =+Z39+AB39 -> 0 | AE39: =+AA39+AC39 -> 0
H40: N040 | I40: 4 | J40: =LOOKUP(H40,NOZZLE1,PP_AREA)*I40 -> 0.27982845 | L40: 1.39 | M40: =L40*I40 -> 5.56 | P40: N015 | Q40: N015 | R40: 0.015 | S40: 0.15 | T40: 0.089 | U40: =((PI()/4)*(T40^2-R40^2))+(PI()*R40*S40) -> 0.013113008 | V40: 5 | W40: 12 | X40: 5 | Y40: 5 | Z40: =(T40^2)*CEILING(V40/4,1) -> 0.015842 | AA40: =((PI()/4)*(T40^2-R40^2))*W40 -> 0.072533091 | AB40: =+(PI()*R40*S40)*CEILING(X40/3,1) -> 0.014137167 | AC40: =+(PI()*R40*S40)*Y40 -> 0.035342917 | AD40: =+Z40+AB40 -> 0.029979167 | AE40: =+AA40+AC40 -> 0.10787601
H41: N050 | I41: 2 | J41: =LOOKUP(H41,NOZZLE1,PP_AREA)*I41 -> 0.18666378 | L41: 1.7 | M41: =L41*I41 -> 3.4 | P41: N020 | Q41: N020 | R41: 0.02 | S41: 0.15 | T41: 0.098 | U41: =((PI()/4)*(T41^2-R41^2))+(PI()*R41*S41) -> 0.016653583 | V41: 5 | W41: 12 | X41: 5 | Y41: 5 | Z41: =(T41^2)*CEILING(V41/4,1) -> 0.019208 | AA41: =((PI()/4)*(T41^2-R41^2))*W41 -> 0.086745656 | AB41: =+(PI()*R41*S41)*CEILING(X41/3,1) -> 0.018849556 | AC41: =+(PI()*R41*S41)*Y41 -> 0.04712389 | AD41: =+Z41+AB41 -> 0.038057556 | AE41: =+AA41+AC41 -> 0.13386955
H42: N150 | I42: 3 | J42: =LOOKUP(H42,NOZZLE1,PP_AREA)*I42 -> 0.89116101 | L42: 2.71 | M42: =L42*I42 -> 8.13 | P42: N025 | Q42: N025 | R42: 0.025 | S42: 0.15 | T42: 0.108 | U42: =((PI()/4)*(T42^2-R42^2))+(PI()*R42*S42) -> 0.020450983 | V42: 5 | W42: 12 | X42: 5 | Y42: 5 | Z42: =(T42^2)*CEILING(V42/4,1) -> 0.023328 | AA42: =((PI()/4)*(T42^2-R42^2))*W42 -> 0.10404012 | AB42: =+(PI()*R42*S42)*CEILING(X42/3,1) -> 0.023561945 | AC42: =+(PI()*R42*S42)*Y42 -> 0.058904862 | AD42: =+Z42+AB42 -> 0.046889945 | AE42: =+AA42+AC42 -> 0.16294499
H43: N100 | I43: 0 | J43: =LOOKUP(H43,NOZZLE1,PP_AREA)*I43 -> 0 | L43: 1.55 | M43: =L43*I43 -> 0 | P43: N040 | Q43: N040 | R43: 0.04 | S43: 0.15 | T43: 0.127 | U43: =((PI()/4)*(T43^2-R43^2))+(PI()*R43*S43) -> 0.030260606 | V43: 5 | W43: 15 | X43: 5 | Y43: 6 | Z43: =(T43^2)*CEILING(V43/4,1) -> 0.032258 | AA43: =((PI()/4)*(T43^2-R43^2))*W43 -> 0.17116575 | AB43: =+(PI()*R43*S43)*CEILING(X43/3,1) -> 0.037699112 | AC43: =+(PI()*R43*S43)*Y43 -> 0.11309734 | AD43: =+Z43+AB43 -> 0.069957112 | AE43: =+AA43+AC43 -> 0.28426308
H44: N450 | I44: 0 | J44: =LOOKUP(H44,NOZZLE1,PP_AREA)*I44 -> 0 | L44: 7.34 | M44: =L44*I44 -> 0 | P44: N050 | Q44: N050 | R44: 0.05 | S44: 0.15 | T44: 0.152 | U44: =((PI()/4)*(T44^2-R44^2))+(PI()*R44*S44) -> 0.039744289 | V44: 5 | W44: 15 | X44: 5 | Y44: 6 | Z44: =(T44^2)*CEILING(V44/4,1) -> 0.046208 | AA44: =((PI()/4)*(T44^2-R44^2))*W44 -> 0.24273516 | AB44: =+(PI()*R44*S44)*CEILING(X44/3,1) -> 0.04712389 | AC44: =+(PI()*R44*S44)*Y44 -> 0.14137167 | AD44: =+Z44+AB44 -> 0.09333189 | AE44: =+AA44+AC44 -> 0.38410683
H45: N500 | I45: 0 | J45: =LOOKUP(H45,NOZZLE1,PP_AREA)*I45 -> 0 | M45: SH.MH | P45: N065 | Q45: N065 | R45: 0.065 | S45: 0.15 | T45: 0.178 | U45: =((PI()/4)*(T45^2-R45^2))+(PI()*R45*S45) -> 0.052196777 | V45: 5 | W45: 18 | X45: 5 | Y45: 6 | Z45: =(T45^2)*CEILING(V45/4,1) -> 0.063368 | AA45: =((PI()/4)*(T45^2-R45^2))*W45 -> 0.38819247 | AB45: =+(PI()*R45*S45)*CEILING(X45/3,1) -> 0.061261057 | AC45: =+(PI()*R45*S45)*Y45 -> 0.18378317 | AD45: =+Z45+AB45 -> 0.12462906 | AE45: =+AA45+AC45 -> 0.57197564
H46: N600 | I46: 0 | J46: =LOOKUP(H46,NOZZLE1,PP_AREA)*I46 -> 0 | P46: N080 | Q46: N080 | R46: 0.08 | S46: 0.15 | T46: 0.191 | U46: =((PI()/4)*(T46^2-R46^2))+(PI()*R46*S46) -> 0.061324674 | V46: 5 | W46: 18 | X46: 5 | Y46: 7 | Z46: =(T46^2)*CEILING(V46/4,1) -> 0.072962 | AA46: =((PI()/4)*(T46^2-R46^2))*W46 -> 0.42526012 | AB46: =+(PI()*R46*S46)*CEILING(X46/3,1) -> 0.075398224 | AC46: =+(PI()*R46*S46)*Y46 -> 0.26389378 | AD46: =+Z46+AB46 -> 0.14836022 | AE46: =+AA46+AC46 -> 0.6891539
H47: N600 | I47: 0 | J47: =LOOKUP(H47,NOZZLE1,PP_AREA)*I47 -> 0 | P47: N100 | Q47: N100 | R47: 0.1 | S47: 0.15 | T47: 0.229 | U47: =((PI()/4)*(T47^2-R47^2))+(PI()*R47*S47) -> 0.080456973 | V47: 5 | W47: 20 | X47: 5 | Y47: 7 | Z47: =(T47^2)*CEILING(V47/4,1) -> 0.104882 | AA47: =((PI()/4)*(T47^2-R47^2))*W47 -> 0.66666167 | AB47: =+(PI()*R47*S47)*CEILING(X47/3,1) -> 0.09424778 | AC47: =+(PI()*R47*S47)*Y47 -> 0.32986723 | AD47: =+Z47+AB47 -> 0.19912978 | AE47: =+AA47+AC47 -> 0.9965289
H48: N400 | I48: 0 | J48: =LOOKUP(H48,NOZZLE1,PP_AREA)*I48 -> 0 | P48: N125 | Q48: N125 | R48: 0.125 | S48: 0.15 | T48: 0.254 | U48: =((PI()/4)*(T48^2-R48^2))+(PI()*R48*S48) -> 0.097303764 | V48: 5 | W48: 20 | X48: 5 | Y48: 7 | Z48: =(T48^2)*CEILING(V48/4,1) -> 0.129032 | AA48: =((PI()/4)*(T48^2-R48^2))*W48 -> 0.76797803 | AB48: =+(PI()*R48*S48)*CEILING(X48/3,1) -> 0.11780972 | AC48: =+(PI()*R48*S48)*Y48 -> 0.41233404 | AD48: =+Z48+AB48 -> 0.24684172 | AE48: =+AA48+AC48 -> 1.1803121
H49: N600 | I49: 0 | J49: =LOOKUP(H49,NOZZLE1,PP_AREA)*I49 -> 0 | P49: N150 | Q49: N150 | R49: 0.15 | S49: 0.15 | T49: 0.279 | U49: =((PI()/4)*(T49^2-R49^2))+(PI()*R49*S49) -> 0.11415055 | V49: 5 | W49: 20 | X49: 5 | Y49: 8 | Z49: =(T49^2)*CEILING(V49/4,1) -> 0.155682 | AA49: =((PI()/4)*(T49^2-R49^2))*W49 -> 0.8692944 | AB49: =+(PI()*R49*S49)*CEILING(X49/3,1) -> 0.14137167 | AC49: =+(PI()*R49*S49)*Y49 -> 0.56548668 | AD49: =+Z49+AB49 -> 0.29705367 | AE49: =+AA49+AC49 -> 1.4347811
H50: N600 | I50: 0 | J50: =LOOKUP(H50,NOZZLE1,PP_AREA)*I50 -> 0 | P50: N200 | Q50: N200 | R50: 0.2 | S50: 0.15 | T50: 0.33 | U50: =((PI()/4)*(T50^2-R50^2))+(PI()*R50*S50) -> 0.14836171 | V50: 5 | W50: 22 | X50: 5 | Y50: 8 | Z50: =(T50^2)*CEILING(V50/4,1) -> 0.2178 | AA50: =((PI()/4)*(T50^2-R50^2))*W50 -> 1.1905065 | AB50: =+(PI()*R50*S50)*CEILING(X50/3,1) -> 0.18849556 | AC50: =+(PI()*R50*S50)*Y50 -> 0.75398224 | AD50: =+Z50+AB50 -> 0.40629556 | AE50: =+AA50+AC50 -> 1.9444888
H51: N250 | I51: 0 | J51: =LOOKUP(H51,NOZZLE1,PP_AREA)*I51 -> 0 | P51: N250 | Q51: N250 | R51: 0.25 | S51: 0.15 | T51: 0.38 | U51: =((PI()/4)*(T51^2-R51^2))+(PI()*R51*S51) -> 0.18213383 | V51: 5 | W51: 22 | X51: 5 | Y51: 8 | Z51: =(T51^2)*CEILING(V51/4,1) -> 0.2888 | AA51: =((PI()/4)*(T51^2-R51^2))*W51 -> 1.4151304 | AB51: =+(PI()*R51*S51)*CEILING(X51/3,1) -> 0.23561945 | AC51: =+(PI()*R51*S51)*Y51 -> 0.9424778 | AD51: =+Z51+AB51 -> 0.52441945 | AE51: =+AA51+AC51 -> 2.3576082
H52: N300 | I52: 0 | J52: =LOOKUP(H52,NOZZLE1,PP_AREA)*I52 -> 0 | P52: N300 | Q52: N300 | R52: 0.3 | S52: 0.15 | T52: 0.43 | U52: =((PI()/4)*(T52^2-R52^2))+(PI()*R52*S52) -> 0.21590596 | V52: 5 | W52: 25 | X52: 5 | Y52: 8 | Z52: =(T52^2)*CEILING(V52/4,1) -> 0.3698 | AA52: =((PI()/4)*(T52^2-R52^2))*W52 -> 1.8633571 | AB52: =+(PI()*R52*S52)*CEILING(X52/3,1) -> 0.28274334 | AC52: =+(PI()*R52*S52)*Y52 -> 1.1309734 | AD52: =+Z52+AB52 -> 0.65254334 | AE52: =+AA52+AC52 -> 2.9943305
H53: N350 | I53: 0 | J53: =LOOKUP(H53,NOZZLE1,PP_AREA)*I53 -> 0 | P53: N350 | Q53: N350 | R53: 0.35 | S53: 0.15 | T53: 0.48 | U53: =((PI()/4)*(T53^2-R53^2))+(PI()*R53*S53) -> 0.24967808 | V53: 5 | W53: 25 | X53: 5 | Y53: 9 | Z53: =(T53^2)*CEILING(V53/4,1) -> 0.4608 | AA53: =((PI()/4)*(T53^2-R53^2))*W53 -> 2.1186115 | AB53: =+(PI()*R53*S53)*CEILING(X53/3,1) -> 0.32986723 | AC53: =+(PI()*R53*S53)*Y53 -> 1.4844025 | AD53: =+Z53+AB53 -> 0.79066723 | AE53: =+AA53+AC53 -> 3.6030141
H54: N400 | I54: 0 | J54: =LOOKUP(H54,NOZZLE1,PP_AREA)*I54 -> 0 | P54: N400 | Q54: N400 | R54: 0.4 | S54: 0.15 | T54: 0.53 | U54: =((PI()/4)*(T54^2-R54^2))+(PI()*R54*S54) -> 0.2834502 | V54: 5 | W54: 25 | X54: 5 | Y54: 9 | Z54: =(T54^2)*CEILING(V54/4,1) -> 0.5618 | AA54: =((PI()/4)*(T54^2-R54^2))*W54 -> 2.3738659 | AB54: =+(PI()*R54*S54)*CEILING(X54/3,1) -> 0.37699112 | AC54: =+(PI()*R54*S54)*Y54 -> 1.69646 | AD54: =+Z54+AB54 -> 0.93879112 | AE54: =+AA54+AC54 -> 4.070326
H55: N450 | I55: 0 | J55: =LOOKUP(H55,NOZZLE1,PP_AREA)*I55 -> 0 | P55: N450 | Q55: N450 | R55: 0.45 | S55: 0.15 | T55: 0.58 | U55: =((PI()/4)*(T55^2-R55^2))+(PI()*R55*S55) -> 0.31722232 | V55: 5 | W55: 25 | X55: 5 | Y55: 9 | Z55: =(T55^2)*CEILING(V55/4,1) -> 0.6728 | AA55: =((PI()/4)*(T55^2-R55^2))*W55 -> 2.6291204 | AB55: =+(PI()*R55*S55)*CEILING(X55/3,1) -> 0.42411501 | AC55: =+(PI()*R55*S55)*Y55 -> 1.9085175 | AD55: =+Z55+AB55 -> 1.096915 | AE55: =+AA55+AC55 -> 4.5376379
H56: N500 | I56: 0 | J56: =LOOKUP(H56,NOZZLE1,PP_AREA)*I56 -> 0 | P56: N500 | Q56: N500 | R56: 0.5 | S56: 0.15 | T56: 0.63 | U56: =((PI()/4)*(T56^2-R56^2))+(PI()*R56*S56) -> 0.35099444 | V56: 5 | W56: 28 | X56: 5 | Y56: 10 | Z56: =(T56^2)*CEILING(V56/4,1) -> 0.7938 | AA56: =((PI()/4)*(T56^2-R56^2))*W56 -> 3.2304997 | AB56: =+(PI()*R56*S56)*CEILING(X56/3,1) -> 0.4712389 | AC56: =+(PI()*R56*S56)*Y56 -> 2.3561945 | AD56: =+Z56+AB56 -> 1.2650389 | AE56: =+AA56+AC56 -> 5.5866942
H57: N600 | I57: 0 | J57: =LOOKUP(H57,NOZZLE1,PP_AREA)*I57 -> 0 | P57: N600 | Q57: N600 | R57: 0.6 | S57: 0.15 | T57: 0.73 | U57: =((PI()/4)*(T57^2-R57^2))+(PI()*R57*S57) -> 0.41853868 | V57: 5 | W57: 30 | X57: 5 | Y57: 11 | Z57: =(T57^2)*CEILING(V57/4,1) -> 1.0658 | AA57: =((PI()/4)*(T57^2-R57^2))*W57 -> 4.0738603 | AB57: =+(PI()*R57*S57)*CEILING(X57/3,1) -> 0.56548668 | AC57: =+(PI()*R57*S57)*Y57 -> 3.1101767 | AD57: =+Z57+AB57 -> 1.6312867 | AE57: =+AA57+AC57 -> 7.184037
V58: THICKNESS
Q59: B.FLANGE | R59: PIPE SIZE | S59: PIPE LENGTH | T59: FLG. OD | U59: AREA | V59: PP | W59: FRP
P60: B001 | Q60: B001 | R60: 0 | S60: 0 | T60: 0 | U60: =((PI()/4)*(T60^2)) -> 0 | V60: 5 | W60: 12
E61: =LOOKUP(H61,B.FLG,B.FLG.FRP) -> 15 | H61: B040 | I61: 1 | J61: =LOOKUP(H61,B.FLG,B.FLG.AREA)*(CEILING(D61/3,1))*I61 -> 0 | K61: =LOOKUP(H61,B.FLG,B.FLG.AREA) -> 0.012667687 | L61: 0.22 | M61: =L61*I61 -> 0.22 | P61: B015 | Q61: B015 | R61: 0.015 | S61: 0.15 | T61: 0.089 | U61: =((PI()/4)*(T61^2)) -> 0.0062211389 | V61: 5 | W61: 12
E62: =LOOKUP(H62,B.FLG,B.FLG.FRP) -> 18 | H62: B100 | I62: 0 | J62: =LOOKUP(H62,B.FLG,B.FLG.AREA)*(CEILING(D62/3,1))*I62 -> 0 | K62: =LOOKUP(H62,B.FLG,B.FLG.AREA) -> 0.041187065 | L62: 1.63 | M62: =L62*I62 -> 0 | P62: B020 | Q62: B020 | R62: 0.02 | S62: 0.15 | T62: 0.098 | U62: =((PI()/4)*(T62^2)) -> 0.007542964 | V62: 5 | W62: 12
E63: =LOOKUP(H63,B.FLG,B.FLG.FRP) -> 18 | H63: B080 | I63: 0 | J63: =LOOKUP(H63,B.FLG,B.FLG.AREA)*(CEILING(D63/3,1))*I63 -> 0 | K63: =LOOKUP(H63,B.FLG,B.FLG.AREA) -> 0.02865211 | L63: 0.38 | M63: =L63*I63 -> 0 | P63: B025 | Q63: B025 | R63: 0.025 | S63: 0.15 | T63: 0.108 | U63: =((PI()/4)*(T63^2)) -> 0.0091608842 | V63: 5 | W63: 12
E64: =LOOKUP(H64,B.FLG,B.FLG.FRP) -> 18 | H64: B100 | I64: 0 | J64: =LOOKUP(H64,B.FLG,B.FLG.AREA)*(CEILING(D64/3,1))*I64 -> 0 | K64: =LOOKUP(H64,B.FLG,B.FLG.AREA) -> 0.041187065 | L64: 0.46 | M64: =L64*I64 -> 0 | P64: B040 | Q64: B040 | R64: 0.04 | S64: 0.15 | T64: 0.127 | U64: =((PI()/4)*(T64^2)) -> 0.012667687 | V64: 5 | W64: 15
E65: =LOOKUP(H65,B.FLG,B.FLG.FRP) -> 25 | H65: B450 | I65: 0 | J65: =LOOKUP(H65,B.FLG,B.FLG.AREA)*(CEILING(D65/3,1))*I65 -> 0 | K65: =LOOKUP(H65,B.FLG,B.FLG.AREA)*1.5 -> 0.39631191 | L65: 4.46 | M65: =L65*I65 -> 0 | P65: B050 | Q65: B050 | R65: 0.05 | S65: 0.15 | T65: 0.152 | U65: =((PI()/4)*(T65^2)) -> 0.018145839 | V65: 5 | W65: 15
E66: =LOOKUP(H66,B.FLG,B.FLG.FRP) -> 30 | H66: B600 | I66: 0 | J66: =LOOKUP(H66,B.FLG,B.FLG.AREA)*(CEILING(D66/3,1))*I66 -> 0 | K66: =LOOKUP(H66,B.FLG,B.FLG.AREA) -> 0.41853868 | L66: =+E66*K66*I66 -> 0 | P66: B065 | Q66: B065 | R66: 0.065 | S66: 0.15 | T66: 0.178 | U66: =((PI()/4)*(T66^2)) -> 0.024884555 | V66: 5 | W66: 15
E67: =LOOKUP(H67,B.FLG,B.FLG.FRP) -> 30 | H67: B600 | I67: 0 | J67: =LOOKUP(H67,B.FLG,B.FLG.AREA)*(CEILING(D67/3,1))*I67 -> 0 | K67: =LOOKUP(H67,B.FLG,B.FLG.AREA) -> 0.41853868 | L67: =+E67*K67*I67*2 -> 0 | M67: SH.MH | P67: B080 | Q67: B080 | R67: 0.08 | S67: 0.15 | T67: 0.191 | U67: =((PI()/4)*(T67^2)) -> 0.02865211 | V67: 5 | W67: 18
E68: =LOOKUP(H68,B.FLG,B.FLG.FRP) -> 30 | H68: B600 | I68: 0 | J68: =LOOKUP(H68,B.FLG,B.FLG.AREA)*(CEILING(D68/3,1))*I68 -> 0 | K68: =LOOKUP(H68,B.FLG,B.FLG.AREA) -> 0.41853868 | L68: =+E68*K68*I68 -> 0 | P68: B100 | Q68: B100 | R68: 0.1 | S68: 0.15 | T68: 0.229 | U68: =((PI()/4)*(T68^2)) -> 0.041187065 | V68: 5 | W68: 18
E69: =LOOKUP(H69,B.FLG,B.FLG.FRP) -> 30 | H69: B600 | I69: 0 | J69: =LOOKUP(H69,B.FLG,B.FLG.AREA)*(CEILING(D69/3,1))*I69 -> 0 | K69: =LOOKUP(H69,B.FLG,B.FLG.AREA) -> 0.41853868 | L69: =+E69*K69*I69 -> 0 | P69: B125 | Q69: B125 | R69: 0.125 | S69: 0.15 | T69: 0.254 | U69: =((PI()/4)*(T69^2)) -> 0.050670748 | V69: 5 | W69: 18
E70: =LOOKUP(H70,B.FLG,B.FLG.FRP) -> 20 | H70: B150 | I70: 0 | J70: =LOOKUP(H70,B.FLG,B.FLG.AREA)*(CEILING(D70/3,1))*I70 -> 0 | K70: =LOOKUP(H70,B.FLG,B.FLG.AREA) -> 0.061136178 | L70: =+E70*K70*I70 -> 0 | P70: B150 | Q70: B150 | R70: 0.15 | S70: 0.15 | T70: 0.279 | U70: =((PI()/4)*(T70^2)) -> 0.061136178 | V70: 5 | W70: 20
E71: =LOOKUP(H71,B.FLG,B.FLG.FRP) -> 20 | H71: B200 | I71: 0 | J71: =LOOKUP(H71,B.FLG,B.FLG.AREA)*(CEILING(D71/3,1))*I71 -> 0 | K71: =LOOKUP(H71,B.FLG,B.FLG.AREA) -> 0.08552986 | L71: =+E71*K71*I71 -> 0 | P71: B200 | Q71: B200 | R71: 0.2 | S71: 0.15 | T71: 0.33 | U71: =((PI()/4)*(T71^2)) -> 0.08552986 | V71: 5 | W71: 20
E72: =LOOKUP(H72,B.FLG,B.FLG.FRP) -> 22 | H72: B250 | I72: 0 | J72: =LOOKUP(H72,B.FLG,B.FLG.AREA)*(CEILING(D72/3,1))*I72 -> 0 | K72: =LOOKUP(H72,B.FLG,B.FLG.AREA) -> 0.11341149 | L72: =+E72*K72*I72 -> 0 | P72: B250 | Q72: B250 | R72: 0.25 | S72: 0.15 | T72: 0.38 | U72: =((PI()/4)*(T72^2)) -> 0.11341149 | V72: 5 | W72: 22
E73: =LOOKUP(H73,B.FLG,B.FLG.FRP) -> 22 | H73: B300 | I73: 0 | J73: =LOOKUP(H73,B.FLG,B.FLG.AREA)*(CEILING(D73/3,1))*I73 -> 0 | K73: =LOOKUP(H73,B.FLG,B.FLG.AREA) -> 0.14522012 | L73: =+E73*K73*I73 -> 0 | P73: B300 | Q73: B300 | R73: 0.3 | S73: 0.15 | T73: 0.43 | U73: =((PI()/4)*(T73^2)) -> 0.14522012 | V73: 5 | W73: 22
E74: =LOOKUP(H74,B.FLG,B.FLG.FRP) -> 25 | H74: B350 | I74: 0 | J74: =LOOKUP(H74,B.FLG,B.FLG.AREA)*(CEILING(D74/3,1))*I74 -> 0 | K74: =LOOKUP(H74,B.FLG,B.FLG.AREA) -> 0.18095574 | L74: =+E74*K74*I74 -> 0 | P74: B350 | Q74: B350 | R74: 0.35 | S74: 0.15 | T74: 0.48 | U74: =((PI()/4)*(T74^2)) -> 0.18095574 | V74: 5 | W74: 25
E75: =LOOKUP(H75,B.FLG,B.FLG.FRP) -> 25 | H75: B400 | I75: 0 | J75: =LOOKUP(H75,B.FLG,B.FLG.AREA)*(CEILING(D75/3,1))*I75 -> 0 | K75: =LOOKUP(H75,B.FLG,B.FLG.AREA) -> 0.22061834 | L75: =+E75*K75*I75 -> 0 | P75: B400 | Q75: B400 | R75: 0.4 | S75: 0.15 | T75: 0.53 | U75: =((PI()/4)*(T75^2)) -> 0.22061834 | V75: 5 | W75: 25
E76: =LOOKUP(H76,B.FLG,B.FLG.FRP) -> 25 | H76: B450 | I76: 0 | J76: =LOOKUP(H76,B.FLG,B.FLG.AREA)*(CEILING(D76/3,1))*I76 -> 0 | K76: =LOOKUP(H76,B.FLG,B.FLG.AREA) -> 0.26420794 | L76: =+E76*K76*I76 -> 0 | P76: B450 | Q76: B450 | R76: 0.45 | S76: 0.15 | T76: 0.58 | U76: =((PI()/4)*(T76^2)) -> 0.26420794 | V76: 5 | W76: 25
E77: =LOOKUP(H77,B.FLG,B.FLG.FRP) -> 28 | H77: B500 | I77: 0 | J77: =LOOKUP(H77,B.FLG,B.FLG.AREA)*(CEILING(D77/3,1))*I77 -> 0 | K77: =LOOKUP(H77,B.FLG,B.FLG.AREA) -> 0.31172453 | L77: =+E77*K77*I77 -> 0 | P77: B500 | Q77: B500 | R77: 0.5 | S77: 0.15 | T77: 0.63 | U77: =((PI()/4)*(T77^2)) -> 0.31172453 | V77: 5 | W77: 28
E78: =LOOKUP(H78,B.FLG,B.FLG.FRP) -> 30 | H78: B600 | I78: 0 | J78: =LOOKUP(H78,B.FLG,B.FLG.AREA)*(CEILING(D78/3,1))*I78 -> 0 | K78: =LOOKUP(H78,B.FLG,B.FLG.AREA) -> 0.41853868 | L78: =+E78*K78*I78 -> 0 | P78: B600 | Q78: B600 | R78: 0.6 | S78: 0.15 | T78: 0.73 | U78: =((PI()/4)*(T78^2)) -> 0.41853868 | V78: 5 | W78: 30
J80: =SUM(J40:J79)*1.35 -> 1.8328319 | M80: =SUM(M40:M79)*1.25 -> 21.6375
J81: =J21 -> 0 | L81: =L21 -> BIS | M81: =L21 -> BIS | N81: =M21 -> BIS
C82: ='01_1.35 KL'!C82 -> MOC BY PARAMOUNT & THK AS PER JRF | J82: =SUM(J23:J37) -> 4.2746461 | L82: =SUM(L23:L37) -> 9.8017691 | M82: =SUM(M23:M37) -> 28.984334 | N82: =SUM(N23:N37) -> 3.2672564
J83: Sq.M | L83: Sq.M-mm | M83: Sq.M-mm | N83: Sq.M-mm
B84: SR. NO | C84: Descreption | H84: Rate | J84: Cost
B85: 01 | C85: Cost of MM | D85: =J81 -> 0 | G85: =CEILING(J82*1.05,1) -> 5 | H85: ='RESIN RATE'!E12 -> 0 | I85: = | J85: =+G85*H85 -> 0 | N85: =+J81 -> 0
B86: 02 | C86: Cost of | D86: =L81 -> BIS | E86: INDIAN | G86: =CEILING(L82*1.1,1) -> 11 | H86: ='RESIN RATE'!D12 -> 565 | I86: = | J86: =+G86*H86 -> 6215 | N86: MFG
B87: 03 | C87: Cost of | D87: =M81 -> BIS | E87: INDIAN | G87: =CEILING(M82*1.1,1) -> 32 | H87: ='RESIN RATE'!D12 -> 565 | I87: = | J87: =+G87*H87 -> 18080 | N87: MFG
B88: 04 | C88: Cost of | D88: =N81 -> BIS | E88: INDIAN | G88: =CEILING(N82*1.1,1) -> 4 | H88: ='RESIN RATE'!D12 -> 565 | I88: = | J88: =+G88*H88 -> 2260 | N88: MFG
B89: 06 | C89: PP Welding Rod | G89: 0 | H89: =CEILING(G85*100,50) -> 500 | I89: = | J89: =+G89*H89 -> 0 | N89: B/O
B90: 07 | C90: BAFFLES 100 X 1200 X 10 mm THK | G90: 4 | H90: =CEILING((0.06*1.2*10)*1.25*H86,50) -> 550 | I90: = | J90: =+G90*H90 -> 2200 | K90: =J90/H86 -> 3.8938053 | N90: B/O | Q90: GOOSE NECK
C91: NOZZLE AGITATOR- 300x300x150 L | G91: 1 | H91: =CEILING((0.3*0.15*4*8+0.3*0.3*20*0.1+0.3*0.3*20)*1.25*H86,50) -> 2450 | I91: = | J91: =+G91*H91 -> 2450 | K91: =J91/H87 -> 4.3362832
B92: 08 | C92: Nozzle | G92: 1 | H92: =CEILING((SUM(J40:J78)*H85+SUM(M40:M65)*H86)*1.15,500) -> 11500 | I92: = | J92: =+G92*H92 -> 11500 | N92: MFG
B93: 09 | C93: Nut-Bolt- SS 304 | G93: 1 | H93: =CEILING((100*1+1800*1)*1.2,100) -> 2300 | I93: = | J93: =+G93*H93 -> 2300 | N93: B/O
B94: 10 | C94: Gasket | G94: 1 | H94: =CEILING((75*0+300*0+2500*1)*1.1,100) -> 2800 | I94: = | J94: =+G94*H94 -> 2800 | N94: B/O
B95: 11 | C95: 10% Nut-Bolt (MIN 4 NOS) | G95: 0 | H95: =H93*0.9 -> 2070 | I95: = | J95: =+G95*H95 -> 0 | N95: B/O
B96: 12 | C96: 2 Set Gasket | G96: 0 | H96: =H94 -> 2800 | I96: = | J96: =+G96*H96 -> 0 | N96: B/O
C97: NEOPRENE RUBBER | G97: 1 | H97: =CEILING(PI()/4*(DIA^2)*12*2*80,50) -> 550 | I97: = | J97: =+G97*H97 -> 550 | N97: B/O
B98: 13 | C98: LEVEL INDICATOR-FLOAT & BOARD TYPE | G98: 0 | H98: 20000 | I98: = | J98: =+G98*H98 -> 0 | N98: B/O
B99: 14 | C99: Anchor Bolts | G99: 4 | H99: 500 | I99: = | J99: =+G99*H99 -> 2000 | N99: B/O
B100: 15 | C100: Holdown Lugs | G100: 3 | H100: =0.2*10*H86 -> 1130 | I100: = | J100: =+G100*H100 -> 3390 | K100: =J100/H86 -> 6 | N100: MFG
C101: Lifting Lugs | G101: 3 | H101: =CEILING(2.4*110+0.9*H86,10) -> 780 | I101: = | J101: =+G101*H101 -> 2340 | K101: =0.9*G101 -> 2.7 | N101: MS
B102: 16 | C102: MS LUG SUPPORT | G102: 0 | H102: =CEILING((PI()*DIA*0.1*5+((0.2*0.2*18*2+0.15*0.15*12*2)*4))*8*75*1.25,500) -> 7000 | I102: = | J102: =+G102*H102 -> 0 | N102: MS
B103: 17 | C103: Ladder & Railing | G103: =CEILING(PI()*DIA+HT,1) -> 4 | H103: 0 | I103: = | J103: =+G103*H103 -> 0 | K103: =+J103/250 -> 0 | N103: MS
B104: 18 | C104: Name Plate | G104: 1 | H104: 750 | I104: = | J104: =+G104*H104 -> 750 | N104: B/O
B105: 19 | C105: Mould | G105: 0 | H105: 1000 | I105: = | J105: =+G105*H105 -> 0 | N105: MOULD
...

Sheet RESIN RATE
E1: 44512
A2: HAND LAY UP | N2: 05
B3: ISOPHTHALIC | C3: DERAKANE 470.300 | D3: BIS | E3: 3 mm PP
A4: RESIN MAKE | B4: CREST -CPOL 331 | C4: ASHLAND | D4: FRP
A6: 1 KG RESIN | B6: 145 | C6: 550 | D6: 325 | E6: 0
A7: 0.5 KG GLASS | B7: 78 | C7: 78 | D7: 98
A8: CONSU+ HARD + PIG | B8: 20 | C8: 20 | D8: 20
A9: 5 % OF RM | B9: =+(B6+B7)*5/100 -> 11.15 | C9: =+(C6+C7)*5/100 -> 31.4 | D9: =+(D6+D7)*5/100 -> 21.15
A10: LABOUR | B10: 100 | C10: 100 | D10: 100 | E10: 0
B11: =SUM(B6:B10) -> 354.15 | C11: =SUM(C6:C10) -> 779.4 | D11: =SUM(D6:D10) -> 564.15 | E11: =SUM(E6:E10) -> 0
A12: RATE PER M2 mm | B12: =CEILING(B11,5) -> 355 | C12: =CEILING(C11,5) -> 780 | D12: =CEILING(D11,5) -> 565 | E12: =CEILING(E11,5) -> 0

Sheet THK
A2: SUMMARY_THICKNESS
J3: DATE : 30.11.2021
A4: SR. NO. | B4: IITEM | C4: CAP. | D4: SIZE | E4: QTY | F4: MOC | G4: THK BY CLIENT | H4: THK BY MINIMUM WALL THK (MALLINSON) | I4: THK BY BS 4994 | J4: ACTUAL THK CONSIDERD
A5: 1 | B5: ACID MEASURING TANK (SAC) | C5: 1.35 KL | D5: 1200 ID X 1200 LG. | E5: 2 | F5: 3 mm PP + FRP (VINYL) | G5: NOT GIVEN VENDOR TO CONFIRM | H5: 3 mm CB + 5 mm FRP | I5: 3 mm CB + 5 mm FRP | J5: SHELL : FLAT : FLG & COVER :
A6: 2 | B6: FUME ABSORBER (SAC) | C6: 0.021 KL | D6: 300 ID X 300 LG. | E6: 1 | F6: FRP (VINYL) | G6: NOT GIVEN VENDOR TO CONFIRM | H6: 3 mm CB + 5 mm FRP | I6: 3 mm CB + 5 mm FRP | J6: SHELL : FLAT : FLG & COVER :
A7: 3 | B7: ACID MEASURING TANK (MB) | C7: 0.330 KL | D7: 600 ID X 1200 LG. | E7: 1 | F7: 3 mm PP + FRP (VINYL) | G7: NOT GIVEN VENDOR TO CONFIRM | H7: 3 mm CB + 5 mm FRP | I7: 3 mm CB + 5 mm FRP | J7: SHELL : FLAT : FLG & COVER :
A8: 4 | B8: FUME ABSORBER (MB) | C8: 0.021 KL | D8: 300 ID X 300 LG. | E8: 1 | F8: FRP (VINYL) | G8: NOT GIVEN VENDOR TO CONFIRM | H8: 3 mm CB + 5 mm FRP | I8: 3 mm CB + 5 mm FRP | J8: SHELL : FLAT : FLG & COVER :
A9: 5 | B9: ALKALI MEASURING TANK (SBA) | C9: 0.942 KL | D9: 1000 ID X 1200 LG. | E9: 2 | F9: 3 mm PP + FRP (VINYL) | G9: NOT GIVEN VENDOR TO CONFIRM | H9: 3 mm CB + 5 mm FRP | I9: 3 mm CB + 5 mm FRP | J9: SHELL : FLAT : FLG & COVER :
A10: 6 | B10: ALKALI MEASURING / DILUTION TANK (MB) | C10: 0.340 KL | D10: 600 ID X 1200 LG. | E10: 1 | F10: 3 mm PP + FRP (VINYL) | G10: NOT GIVEN VENDOR TO CONFIRM | H10: 3 mm CB + 5 mm FRP | I10: 3 mm CB + 5 mm FRP | J10: SHELL : FLAT : FLG & COVER :
